submission_id,old_link,new_url
166fbc6b-9d5f-440f-b94d-82ce7e75dd4a,"storage:migrated/166fbc6b-9d5f-440f-b94d-82ce7e75dd4a/Housmata_Ethics_and_Transparency_Case_Study.pdf","https://res.cloudinary.com/tlkzbeei/raw/upload/v1787745018/housmata/submissions/844e8fe9-ce6e-4773-88ca-0a036ad20f29/aa5f9a18-Housmata_Ethics_and_Transparency_Case_Study.pdf"
4c417edf-0576-4dc9-8d80-e9f70a44b0f3,"storage:migrated/4c417edf-0576-4dc9-8d80-e9f70a44b0f3/Module_1_assignment.2.pdf","https://res.cloudinary.com/tlkzbeei/raw/upload/v1787745020/housmata/submissions/3f26c3f7-6f83-4628-bbc9-a343ed530a0b/a15d7972-Module_1_assignment.2.pdf"
cf3e40c2-cf72-435f-b684-a83db257fe21,"storage:migrated/cf3e40c2-cf72-435f-b684-a83db257fe21/Presentation6.pdf","https://res.cloudinary.com/tlkzbeei/raw/upload/v1787745022/housmata/submissions/58c5f981-0001-430f-adf3-c8ed982d0180/4fca642a-Presentation6.pdf"
ca3597d3-db27-400b-a852-c254bcbfae95,"storage:migrated/ca3597d3-db27-400b-a852-c254bcbfae95/Presentation1.pdf","https://res.cloudinary.com/tlkzbeei/raw/upload/v1787745023/housmata/submissions/58c5f981-0001-430f-adf3-c8ed982d0180/365ca238-Presentation1.pdf"
59cabf13-1c60-4d50-a976-80ba4222b318,"storage:migrated/59cabf13-1c60-4d50-a976-80ba4222b318/Presentation3.pdf","https://res.cloudinary.com/tlkzbeei/raw/upload/v1787745024/housmata/submissions/58c5f981-0001-430f-adf3-c8ed982d0180/4a6bea36-Presentation3.pdf"
542c3496-82d5-4a0b-bd61-8908ad3c19dc,"storage:migrated/542c3496-82d5-4a0b-bd61-8908ad3c19dc/Tenant_Onboarding_Process_Presentation.pdf","https://res.cloudinary.com/tlkzbeei/raw/upload/v1787745026/housmata/submissions/844e8fe9-ce6e-4773-88ca-0a036ad20f29/f27aef4a-Tenant_Onboarding_Process_Presentation.pdf"
89db32f6-a9f6-4405-976b-a1dd09dbaab0,"storage:migrated/89db32f6-a9f6-4405-976b-a1dd09dbaab0/Tenant_Onboarding_Presentation.pdf","https://res.cloudinary.com/tlkzbeei/raw/upload/v1787745027/housmata/submissions/cd9c2f64-46cf-4dd2-9ad5-ad4b95474d70/e4b628d2-Tenant_Onboarding_Presentation.pdf"
95cccf7b-1103-40bf-b992-6c92486e051a,"storage:migrated/95cccf7b-1103-40bf-b992-6c92486e051a/Presentation8.pdf","https://res.cloudinary.com/tlkzbeei/raw/upload/v1787745028/housmata/submissions/58c5f981-0001-430f-adf3-c8ed982d0180/5daedab7-Presentation8.pdf"
8c7e5925-3fce-4375-81c9-117e327a1ad9,"storage:migrated/8c7e5925-3fce-4375-81c9-117e327a1ad9/Delinquent_Rent_Case_Study.pdf","https://res.cloudinary.com/tlkzbeei/raw/upload/v1787745030/housmata/submissions/844e8fe9-ce6e-4773-88ca-0a036ad20f29/2a78ec11-Delinquent_Rent_Case_Study.pdf"
99089c4a-91b2-4e1c-9009-a715f9f6b383,"storage:migrated/99089c4a-91b2-4e1c-9009-a715f9f6b383/Presentation4.pdf","https://res.cloudinary.com/tlkzbeei/raw/upload/v1787745031/housmata/submissions/58c5f981-0001-430f-adf3-c8ed982d0180/4b0da88f-Presentation4.pdf"
774de91e-c3db-4670-a4c0-09aa003f2fa7,"storage:migrated/774de91e-c3db-4670-a4c0-09aa003f2fa7/Housmata_Ethical_Resolution_Plan.docx","https://res.cloudinary.com/tlkzbeei/raw/upload/v1787745033/housmata/submissions/023f4b49-b61b-408a-851d-6ca92bf6450b/40a31ed2-Housmata_Ethical_Resolution_Plan.docx"
0bc58691-5c7e-4af0-b0c2-c4373f862fc0,"storage:migrated/0bc58691-5c7e-4af0-b0c2-c4373f862fc0/Tenant_Onboarding_Presentation.pdf","https://res.cloudinary.com/tlkzbeei/raw/upload/v1787745034/housmata/submissions/7c2d897a-cc45-4aaf-82ed-dbb7ee5cec46/f3407c1f-Tenant_Onboarding_Presentation.pdf"
b9bb1cd3-b582-40d7-b703-6135249928ab,"storage:migrated/b9bb1cd3-b582-40d7-b703-6135249928ab/Presentation2.pdf","https://res.cloudinary.com/tlkzbeei/raw/upload/v1787745035/housmata/submissions/58c5f981-0001-430f-adf3-c8ed982d0180/17b3b702-Presentation2.pdf"
91088991-5173-488d-9385-96d34b0c1a48,"storage:migrated/91088991-5173-488d-9385-96d34b0c1a48/Screenshot_20260711-162028_1.png","https://res.cloudinary.com/tlkzbeei/image/upload/v1787745037/housmata/submissions/6ec51df5-7f4a-493a-801a-72f089d314d7/f2f35b2c-Screenshot_20260711-162028_1.jpg"
5799f4a6-fe45-4244-b8d0-dabd0ec5556e,"storage:migrated/5799f4a6-fe45-4244-b8d0-dabd0ec5556e/Screenshot_20260711-211200_1.png","https://res.cloudinary.com/tlkzbeei/image/upload/v1787745038/housmata/submissions/6ec51df5-7f4a-493a-801a-72f089d314d7/3a2cf975-Screenshot_20260711-211200_1.jpg"
5dfeefe5-4cf4-460f-8594-b5da8c210d6c,"storage:migrated/5dfeefe5-4cf4-460f-8594-b5da8c210d6c/Presentation5.pdf","https://res.cloudinary.com/tlkzbeei/raw/upload/v1787745040/housmata/submissions/58c5f981-0001-430f-adf3-c8ed982d0180/bd8263e4-Presentation5.pdf"
ef62b424-dfb5-47fe-b8c2-532cc4dce87a,"storage:migrated/ef62b424-dfb5-47fe-b8c2-532cc4dce87a/Sample_Property_Inspection_Report_2_Bedroom_Apartment.docx","https://res.cloudinary.com/tlkzbeei/raw/upload/v1787745041/housmata/submissions/023f4b49-b61b-408a-851d-6ca92bf6450b/5bc563ef-Sample_Property_Inspection_Report_2_Bedroom_Apartment.docx"
cfb2b605-ced3-4798-bfa2-13557b72cd52,"storage:migrated/cfb2b605-ced3-4798-bfa2-13557b72cd52/Mock_Real_Estate_Portfolio.pdf","https://res.cloudinary.com/tlkzbeei/raw/upload/v1787745042/housmata/submissions/844e8fe9-ce6e-4773-88ca-0a036ad20f29/f0c6f316-Mock_Real_Estate_Portfolio.pdf"
298be714-7a8a-4419-ab9c-fe75281fd367,"storage:migrated/298be714-7a8a-4419-ab9c-fe75281fd367/Presentation_043652_pm_b4a728.pdf","https://res.cloudinary.com/tlkzbeei/raw/upload/v1787745044/housmata/submissions/58c5f981-0001-430f-adf3-c8ed982d0180/21f6319d-Presentation_043652_pm_b4a728.pdf"
7eac5381-3aba-4210-b06d-9b42fde9941e,"storage:migrated/7eac5381-3aba-4210-b06d-9b42fde9941e/Property_Document_Lifecycle.pdf","https://res.cloudinary.com/tlkzbeei/raw/upload/v1787745045/housmata/submissions/844e8fe9-ce6e-4773-88ca-0a036ad20f29/923ea716-Property_Document_Lifecycle.pdf"
e6d61b43-3514-4216-97c4-cd983766aea3,"storage:migrated/e6d61b43-3514-4216-97c4-cd983766aea3/Housmata_Ethical_Resolution_Plan.pdf","https://res.cloudinary.com/tlkzbeei/raw/upload/v1787745046/housmata/submissions/7c2d897a-cc45-4aaf-82ed-dbb7ee5cec46/4148eca5-Housmata_Ethical_Resolution_Plan.pdf"
a99f7db2-d251-4993-a7e5-b167b1e3bd88,"storage:migrated/a99f7db2-d251-4993-a7e5-b167b1e3bd88/Delinquent_Rent_Case_Study.pdf","https://res.cloudinary.com/tlkzbeei/raw/upload/v1787745047/housmata/submissions/7c2d897a-cc45-4aaf-82ed-dbb7ee5cec46/b595e1a0-Delinquent_Rent_Case_Study.pdf"
3ee2e542-a900-4ff4-aed8-27daf3dfabf8,"storage:migrated/3ee2e542-a900-4ff4-aed8-27daf3dfabf8/Housmata_Ethical_Resolution_Plan.pdf","https://res.cloudinary.com/tlkzbeei/raw/upload/v1787745049/housmata/submissions/7c2d897a-cc45-4aaf-82ed-dbb7ee5cec46/21863586-Housmata_Ethical_Resolution_Plan.pdf"
e086ecf6-972b-4319-9ced-7a60bd81a9cc,"storage:migrated/e086ecf6-972b-4319-9ced-7a60bd81a9cc/Property_Inspection_Report_Lagos_Samson.pdf","https://res.cloudinary.com/tlkzbeei/raw/upload/v1787745050/housmata/submissions/490db3ac-b656-48e7-9b64-abd9bb6817b9/f7c4e8f1-Property_Inspection_Report_Lagos_Samson.pdf"
0150fb24-131f-4f67-9c5f-929dfc7405af,"storage:migrated/0150fb24-131f-4f67-9c5f-929dfc7405af/pdf_housemata_copy.pdf","https://res.cloudinary.com/tlkzbeei/raw/upload/v1787745051/housmata/submissions/a66f09a0-38de-4b95-8cd8-585288d16550/4b5e50f7-pdf_housemata_copy.pdf"
539920a1-d9e5-4a8b-bde1-957d71e2d127,"storage:migrated/539920a1-d9e5-4a8b-bde1-957d71e2d127/Sample_Property_Inspection_Report.pdf","https://res.cloudinary.com/tlkzbeei/raw/upload/v1787745052/housmata/submissions/7c2d897a-cc45-4aaf-82ed-dbb7ee5cec46/f7bfae00-Sample_Property_Inspection_Report.pdf"
256b3b5f-9ca2-473c-a223-a99b27c15d82,"storage:migrated/256b3b5f-9ca2-473c-a223-a99b27c15d82/Housmata_Ethical_Resolution_Plan.pdf","https://res.cloudinary.com/tlkzbeei/raw/upload/v1787745053/housmata/submissions/7c2d897a-cc45-4aaf-82ed-dbb7ee5cec46/cbdf70cd-Housmata_Ethical_Resolution_Plan.pdf"
1c0f9a4f-ce43-48ef-aaef-1b05fb637274,"storage:migrated/1c0f9a4f-ce43-48ef-aaef-1b05fb637274/D._M_Ijitona_Documentation_Strategy_Property_Document_Lifecycle.pdf","https://res.cloudinary.com/tlkzbeei/raw/upload/v1787745054/housmata/submissions/fafffb16-7be7-4d2d-b3b6-4ffbbce71909/5983fceb-D._M_Ijitona_Documentation_Strategy_Property_Document_Lifecycle.pdf"
aaf9e949-b916-43f8-8d41-d98735625cbe,"storage:migrated/aaf9e949-b916-43f8-8d41-d98735625cbe/pdf_housemata_copy.pdf","https://res.cloudinary.com/tlkzbeei/raw/upload/v1787745056/housmata/submissions/a66f09a0-38de-4b95-8cd8-585288d16550/111b55c8-pdf_housemata_copy.pdf"
a53c2779-6074-4660-85bb-0e430afe790c,"storage:migrated/a53c2779-6074-4660-85bb-0e430afe790c/Document.pdf","https://res.cloudinary.com/tlkzbeei/raw/upload/v1787745057/housmata/submissions/a66f09a0-38de-4b95-8cd8-585288d16550/a4544a32-Document.pdf"
d735aacf-046a-407b-b368-28bdc7504845,"storage:migrated/d735aacf-046a-407b-b368-28bdc7504845/Tenant_Onboarding_Assessment.pdf","https://res.cloudinary.com/tlkzbeei/raw/upload/v1787745058/housmata/submissions/3f26c3f7-6f83-4628-bbc9-a343ed530a0b/f14eefb4-Tenant_Onboarding_Assessment.pdf"
01f43f52-9d14-40fa-a238-2a760fbe3139,"storage:migrated/01f43f52-9d14-40fa-a238-2a760fbe3139/PDF.pdf","https://res.cloudinary.com/tlkzbeei/raw/upload/v1787745059/housmata/submissions/a66f09a0-38de-4b95-8cd8-585288d16550/2d437d9e-PDF.pdf"
20f6a39c-115b-4fa3-b8c7-e66d498b312a,"storage:migrated/20f6a39c-115b-4fa3-b8c7-e66d498b312a/Document.pdf","https://res.cloudinary.com/tlkzbeei/raw/upload/v1787745060/housmata/submissions/a66f09a0-38de-4b95-8cd8-585288d16550/84123f5c-Document.pdf"
c8a7c0d7-12b6-4358-a1e4-133e0537d2b5,"storage:migrated/c8a7c0d7-12b6-4358-a1e4-133e0537d2b5/pdf_housemata_copy.pdf","https://res.cloudinary.com/tlkzbeei/raw/upload/v1787745061/housmata/submissions/a66f09a0-38de-4b95-8cd8-585288d16550/d75f69af-pdf_housemata_copy.pdf"
3e9e130a-19d3-46e4-a6ba-6ffea9b35d95,"storage:migrated/3e9e130a-19d3-46e4-a6ba-6ffea9b35d95/pdf_housemata_copy.pdf","https://res.cloudinary.com/tlkzbeei/raw/upload/v1787745063/housmata/submissions/a66f09a0-38de-4b95-8cd8-585288d16550/acf25363-pdf_housemata_copy.pdf"
b35ef733-b861-4dfc-84fa-e3206793020d,"storage:migrated/b35ef733-b861-4dfc-84fa-e3206793020d/Assessment_2_Housmata.pdf","https://res.cloudinary.com/tlkzbeei/raw/upload/v1787745064/housmata/submissions/490db3ac-b656-48e7-9b64-abd9bb6817b9/9469b3cd-Assessment_2_Housmata.pdf"
684a7424-5034-457a-a700-0b82d7a24aa5,"storage:migrated/684a7424-5034-457a-a700-0b82d7a24aa5/Qudus_Oyedeji.pdf","https://res.cloudinary.com/tlkzbeei/raw/upload/v1787745066/housmata/submissions/13b287d0-5be3-4d9f-b081-fb10c2ef78d4/3b767f28-Qudus_Oyedeji.pdf"
2e855e0b-6ee6-485b-a2b8-36de2b19a949,"storage:migrated/2e855e0b-6ee6-485b-a2b8-36de2b19a949/Assignment_(2).docx","https://res.cloudinary.com/tlkzbeei/raw/upload/v1787745067/housmata/submissions/0c0daf50-c95c-4c15-a954-4e91e895e133/6a5cafe7-Assignment_%282%29.docx"
668f4e4d-4fd1-4c19-b809-6a3bbd5cf4d9,"storage:migrated/668f4e4d-4fd1-4c19-b809-6a3bbd5cf4d9/Assignment_(2).docx","https://res.cloudinary.com/tlkzbeei/raw/upload/v1787745068/housmata/submissions/0c0daf50-c95c-4c15-a954-4e91e895e133/bbd7a16d-Assignment_%282%29.docx"
1e5aa804-3bb9-4572-af54-61b1c86f1387,"storage:migrated/1e5aa804-3bb9-4572-af54-61b1c86f1387/Assignment_(2).docx","https://res.cloudinary.com/tlkzbeei/raw/upload/v1787745069/housmata/submissions/0c0daf50-c95c-4c15-a954-4e91e895e133/cfc999e5-Assignment_%282%29.docx"
ef96d938-738c-46da-9351-52a7293e5f8b,"storage:migrated/ef96d938-738c-46da-9351-52a7293e5f8b/delinquent_rent_case_study_(1).docx","https://res.cloudinary.com/tlkzbeei/raw/upload/v1787745071/housmata/submissions/0c0daf50-c95c-4c15-a954-4e91e895e133/9f51f194-delinquent_rent_case_study_%281%29.docx"
5a190ef1-fbda-4cb8-a918-5cb7336c6e71,"storage:migrated/5a190ef1-fbda-4cb8-a918-5cb7336c6e71/Comprehensive_Tenant_Onboarding_Process-compressed.docx","https://res.cloudinary.com/tlkzbeei/raw/upload/v1787745072/housmata/submissions/0c0daf50-c95c-4c15-a954-4e91e895e133/9bf2b9a7-Comprehensive_Tenant_Onboarding_Process-compressed.docx"
ef9fff86-6c2e-46b6-9bf8-587e36292495,"storage:migrated/ef9fff86-6c2e-46b6-9bf8-587e36292495/Qudus_Oyedeji.pdf","https://res.cloudinary.com/tlkzbeei/raw/upload/v1787745073/housmata/submissions/13b287d0-5be3-4d9f-b081-fb10c2ef78d4/3712d020-Qudus_Oyedeji.pdf"
f7064bbc-7dc2-442e-b8f9-506e67765bdc,"storage:migrated/f7064bbc-7dc2-442e-b8f9-506e67765bdc/RentCaseStudy.docx","https://res.cloudinary.com/tlkzbeei/raw/upload/v1787745074/housmata/submissions/023f4b49-b61b-408a-851d-6ca92bf6450b/b884134b-RentCaseStudy.docx"
774ba356-157e-4c59-8ef3-d3483b35e7e6,"storage:migrated/774ba356-157e-4c59-8ef3-d3483b35e7e6/Property_inspection_Assessment.pdf","https://res.cloudinary.com/tlkzbeei/raw/upload/v1787745076/housmata/submissions/3f26c3f7-6f83-4628-bbc9-a343ed530a0b/e6a82a1b-Property_inspection_Assessment.pdf"
280f8747-df18-4b64-a4d9-1237c27c3c55,"storage:migrated/280f8747-df18-4b64-a4d9-1237c27c3c55/Comprehensive_Tenant_Onboarding_Process-compressed.docx","https://res.cloudinary.com/tlkzbeei/raw/upload/v1787745077/housmata/submissions/0c0daf50-c95c-4c15-a954-4e91e895e133/629c0c3b-Comprehensive_Tenant_Onboarding_Process-compressed.docx"
7e28636b-8648-4ad1-8c4f-e21beaeb3458,"storage:migrated/7e28636b-8648-4ad1-8c4f-e21beaeb3458/New_Detailed_Lifecycle_of_Property_Documents-compressed.docx","https://res.cloudinary.com/tlkzbeei/raw/upload/v1787745078/housmata/submissions/023f4b49-b61b-408a-851d-6ca92bf6450b/13c32222-New_Detailed_Lifecycle_of_Property_Documents-compressed.docx"
68007e34-6d10-4bf2-bdb0-5847564e4796,"storage:migrated/68007e34-6d10-4bf2-bdb0-5847564e4796/IMG_8754.jpeg","https://res.cloudinary.com/tlkzbeei/image/upload/v1787745080/housmata/submissions/0c0daf50-c95c-4c15-a954-4e91e895e133/23ca2145-IMG_8754.jpg"
9511e106-3fed-49be-8b24-8c9d4b6cbbcd,"storage:migrated/9511e106-3fed-49be-8b24-8c9d4b6cbbcd/rent_negotiation_nigeria.docx","https://res.cloudinary.com/tlkzbeei/raw/upload/v1787745082/housmata/submissions/023f4b49-b61b-408a-851d-6ca92bf6450b/41f12a81-rent_negotiation_nigeria.docx"
a5d85a58-6904-40ae-9b24-b04eb9a526c2,"storage:migrated/a5d85a58-6904-40ae-9b24-b04eb9a526c2/rent_negotiation_nigeria.docx","https://res.cloudinary.com/tlkzbeei/raw/upload/v1787745083/housmata/submissions/023f4b49-b61b-408a-851d-6ca92bf6450b/df69cf4b-rent_negotiation_nigeria.docx"
01f81ee7-75fd-4a20-b87e-508e2f454c7d,"storage:migrated/01f81ee7-75fd-4a20-b87e-508e2f454c7d/rent_negotiation_nigeria.docx","https://res.cloudinary.com/tlkzbeei/raw/upload/v1787745084/housmata/submissions/023f4b49-b61b-408a-851d-6ca92bf6450b/70ef4892-rent_negotiation_nigeria.docx"
18743675-e707-458b-8f25-dd6d1e5fc5ec,"storage:migrated/18743675-e707-458b-8f25-dd6d1e5fc5ec/delinquent_rent_case_study_(1).docx","https://res.cloudinary.com/tlkzbeei/raw/upload/v1787745086/housmata/submissions/0c0daf50-c95c-4c15-a954-4e91e895e133/574988e2-delinquent_rent_case_study_%281%29.docx"
fd22090a-ae26-47a6-a7cf-fda3c851b9b2,"storage:migrated/fd22090a-ae26-47a6-a7cf-fda3c851b9b2/Negotiation_Script_Landlord_Tenant_Rent_Discussion.docx","https://res.cloudinary.com/tlkzbeei/raw/upload/v1787745087/housmata/submissions/0c0daf50-c95c-4c15-a954-4e91e895e133/e095c1ff-Negotiation_Script_Landlord_Tenant_Rent_Discussion.docx"
01e17405-37bc-4905-95ea-124e34a215f3,"storage:migrated/01e17405-37bc-4905-95ea-124e34a215f3/Negotiation_Tactics_Simulation.pdf","https://res.cloudinary.com/tlkzbeei/raw/upload/v1787745088/housmata/submissions/844e8fe9-ce6e-4773-88ca-0a036ad20f29/e588daef-Negotiation_Tactics_Simulation.pdf"
59cfff3f-940a-4cba-9557-1605f4718581,"storage:migrated/59cfff3f-940a-4cba-9557-1605f4718581/Housmata_Initial_Account_Setup_Slide_Deck.pdf","https://res.cloudinary.com/tlkzbeei/raw/upload/v1787745089/housmata/submissions/844e8fe9-ce6e-4773-88ca-0a036ad20f29/77176656-Housmata_Initial_Account_Setup_Slide_Deck.pdf"
84fc0fa0-9357-4e7e-b5a5-4f84bf75bdbf,"storage:migrated/84fc0fa0-9357-4e7e-b5a5-4f84bf75bdbf/Housmata_Pitchdeck_Jan_2026_(2).pdf","https://res.cloudinary.com/tlkzbeei/raw/upload/v1787745092/housmata/submissions/13b287d0-5be3-4d9f-b081-fb10c2ef78d4/c4af918b-Housmata_Pitchdeck_Jan_2026_%282%29.pdf"
d47a5881-2976-4cb1-b48b-4e1f601cc4aa,"storage:migrated/d47a5881-2976-4cb1-b48b-4e1f601cc4aa/Housmata_Pitchdeck_Jan_2026_(2).pdf","https://res.cloudinary.com/tlkzbeei/raw/upload/v1787745095/housmata/submissions/13b287d0-5be3-4d9f-b081-fb10c2ef78d4/fe80b487-Housmata_Pitchdeck_Jan_2026_%282%29.pdf"
6e4d348f-ed58-4a55-b15a-90b0ebbcae09,"storage:migrated/6e4d348f-ed58-4a55-b15a-90b0ebbcae09/property_marketing_pitch.pdf","https://res.cloudinary.com/tlkzbeei/raw/upload/v1787745097/housmata/submissions/6ec51df5-7f4a-493a-801a-72f089d314d7/eb097692-property_marketing_pitch.pdf"
906a63fe-55e6-4833-905b-9f7446ecbe84,"storage:migrated/906a63fe-55e6-4833-905b-9f7446ecbe84/Screenshot_20260711-211200_1.png","https://res.cloudinary.com/tlkzbeei/image/upload/v1787745098/housmata/submissions/6ec51df5-7f4a-493a-801a-72f089d314d7/1424226f-Screenshot_20260711-211200_1.jpg"
bfd8195a-986f-4ef2-bb46-9c6444f5c111,"storage:migrated/bfd8195a-986f-4ef2-bb46-9c6444f5c111/Content_Creation_Portfolio_Slides.pdf","https://res.cloudinary.com/tlkzbeei/raw/upload/v1787745099/housmata/submissions/204ecd57-a015-410c-9cf0-c5283b96d46f/e7e4760f-Content_Creation_Portfolio_Slides.pdf"
9190c7c6-2b33-4ed9-98cc-d8a15a8df972,"storage:migrated/9190c7c6-2b33-4ed9-98cc-d8a15a8df972/D._M_Ijitona__Visual_Storytelling.pdf","https://res.cloudinary.com/tlkzbeei/raw/upload/v1787745101/housmata/submissions/fafffb16-7be7-4d2d-b3b6-4ffbbce71909/a62b661f-D._M_Ijitona__Visual_Storytelling.pdf"
15773da2-908b-41da-9311-7bb813a639d3,"storage:migrated/15773da2-908b-41da-9311-7bb813a639d3/Listing_Campaign_Design_Housmata.pdf","https://res.cloudinary.com/tlkzbeei/raw/upload/v1787745102/housmata/submissions/8ee7f3bf-d66c-40ff-bb79-a794d082c457/70d51d33-Listing_Campaign_Design_Housmata.pdf"
2302ebf7-42f0-472f-90bb-7f772159be3f,"storage:migrated/2302ebf7-42f0-472f-90bb-7f772159be3f/Boluwatife_Adeniran_Land_Banking_Sourcing_Oke_Oyi_Kwara.pdf","https://res.cloudinary.com/tlkzbeei/raw/upload/v1787745103/housmata/submissions/8ee7f3bf-d66c-40ff-bb79-a794d082c457/26297e82-Boluwatife_Adeniran_Land_Banking_Sourcing_Oke_Oyi_Kwara.pdf"
a24c8401-e935-481c-84f4-e779db5404e7,"storage:migrated/a24c8401-e935-481c-84f4-e779db5404e7/Screenshot_20260711-162028_1.png","https://res.cloudinary.com/tlkzbeei/image/upload/v1787745105/housmata/submissions/6ec51df5-7f4a-493a-801a-72f089d314d7/3a61ad0f-Screenshot_20260711-162028_1.jpg"
cc4783b9-bf42-4788-beb5-52178265dc7a,"storage:migrated/cc4783b9-bf42-4788-beb5-52178265dc7a/Screenshot_20260712-110645_1.png","https://res.cloudinary.com/tlkzbeei/image/upload/v1787745106/housmata/submissions/6ec51df5-7f4a-493a-801a-72f089d314d7/c267a4f7-Screenshot_20260712-110645_1.jpg"
e91b75f2-48e7-45f2-bca2-8c1ecc67d5af,"storage:migrated/e91b75f2-48e7-45f2-bca2-8c1ecc67d5af/D._M_IJitona_Tenant_Onboarding_Assessment_Presentation.pdf","https://res.cloudinary.com/tlkzbeei/raw/upload/v1787745108/housmata/submissions/fafffb16-7be7-4d2d-b3b6-4ffbbce71909/a9080fc0-D._M_IJitona_Tenant_Onboarding_Assessment_Presentation.pdf"
f8f2db81-6868-4f64-b7d5-6a4a50bbc80f,"storage:migrated/f8f2db81-6868-4f64-b7d5-6a4a50bbc80f/D._M_Ijitona_Negotiation_Tactics.pdf","https://res.cloudinary.com/tlkzbeei/raw/upload/v1787745109/housmata/submissions/fafffb16-7be7-4d2d-b3b6-4ffbbce71909/25ccb685-D._M_Ijitona_Negotiation_Tactics.pdf"
73c2d6e7-7d03-4115-8847-03861cea93ad,"storage:migrated/73c2d6e7-7d03-4115-8847-03861cea93ad/Housmata_Platform_Setup_Assignment.pdf","https://res.cloudinary.com/tlkzbeei/raw/upload/v1787745110/housmata/submissions/fafffb16-7be7-4d2d-b3b6-4ffbbce71909/b61b1e50-Housmata_Platform_Setup_Assignment.pdf"
e08790a9-1c6a-47dc-8e1c-508913b42dd3,"storage:migrated/e08790a9-1c6a-47dc-8e1c-508913b42dd3/D._M_Ijitona__,Sample_Property_Inspection_Report.pdf","https://res.cloudinary.com/tlkzbeei/raw/upload/v1787745111/housmata/submissions/fafffb16-7be7-4d2d-b3b6-4ffbbce71909/ad3e51e7-D._M_Ijitona__%2CSample_Property_Inspection_Report.pdf"
02480488-d503-4bee-9ba3-019256792f70,"storage:migrated/02480488-d503-4bee-9ba3-019256792f70/Boluwatife_Adeniran_Growth_Corridor_Research_Kwara_State.pdf","https://res.cloudinary.com/tlkzbeei/raw/upload/v1787745112/housmata/submissions/8ee7f3bf-d66c-40ff-bb79-a794d082c457/3e566931-Boluwatife_Adeniran_Growth_Corridor_Research_Kwara_State.pdf"
81f965f8-7ef1-4884-91d3-7a29c491aabb,"storage:migrated/81f965f8-7ef1-4884-91d3-7a29c491aabb/Housmata_Property_Verification_Checklist_Mock_Property.pdf","https://res.cloudinary.com/tlkzbeei/raw/upload/v1787745113/housmata/submissions/8ee7f3bf-d66c-40ff-bb79-a794d082c457/d019ca15-Housmata_Property_Verification_Checklist_Mock_Property.pdf"
b5508c9a-3770-45bd-bdb8-a0510fe57b8c,"storage:migrated/b5508c9a-3770-45bd-bdb8-a0510fe57b8c/Payment_Plan_Comparison_Report.pdf","https://res.cloudinary.com/tlkzbeei/raw/upload/v1787745114/housmata/submissions/8ee7f3bf-d66c-40ff-bb79-a794d082c457/d9e067c3-Payment_Plan_Comparison_Report.pdf"
6b6e06d4-6673-473a-839c-a95ddb91ef92,"storage:migrated/6b6e06d4-6673-473a-839c-a95ddb91ef92/Negotiation_Tactics_Simulation.pdf","https://res.cloudinary.com/tlkzbeei/raw/upload/v1787745116/housmata/submissions/844e8fe9-ce6e-4773-88ca-0a036ad20f29/0d36f8d4-Negotiation_Tactics_Simulation.pdf"
d149821d-ac4c-44e2-b689-1df4176bca94,"storage:migrated/d149821d-ac4c-44e2-b689-1df4176bca94/Housmata_Initial_Account_Setup_Slide_Deck.pdf","https://res.cloudinary.com/tlkzbeei/raw/upload/v1787745117/housmata/submissions/844e8fe9-ce6e-4773-88ca-0a036ad20f29/8e53a7cd-Housmata_Initial_Account_Setup_Slide_Deck.pdf"
63f79274-c935-4117-9fb6-4323b2387fb3,"storage:migrated/63f79274-c935-4117-9fb6-4323b2387fb3/Housmata_Account_Setup_Presentation.pdf","https://res.cloudinary.com/tlkzbeei/raw/upload/v1787745118/housmata/submissions/0c0daf50-c95c-4c15-a954-4e91e895e133/d26500cc-Housmata_Account_Setup_Presentation.pdf"
cdb73593-bbdc-4e38-84d8-bb7809271068,"storage:migrated/cdb73593-bbdc-4e38-84d8-bb7809271068/Mortgage_Readiness_Assessment.pdf","https://res.cloudinary.com/tlkzbeei/raw/upload/v1787745119/housmata/submissions/8ee7f3bf-d66c-40ff-bb79-a794d082c457/c43508db-Mortgage_Readiness_Assessment.pdf"
cf90c114-a1bf-402d-a076-23fcceba7956,"storage:migrated/cf90c114-a1bf-402d-a076-23fcceba7956/Housmata_Ethics_Case_Study_Beginner-1.pdf","https://res.cloudinary.com/tlkzbeei/raw/upload/v1787745121/housmata/submissions/b5571e7d-3f1f-4bcc-aebc-d46aa9752932/05653795-Housmata_Ethics_Case_Study_Beginner-1.pdf"
ec1e0857-f0f9-4738-914c-bc7b56380a5c,"storage:migrated/ec1e0857-f0f9-4738-914c-bc7b56380a5c/D._M_Ijitona.pdf","https://res.cloudinary.com/tlkzbeei/raw/upload/v1787745122/housmata/submissions/fafffb16-7be7-4d2d-b3b6-4ffbbce71909/0f0de070-D._M_Ijitona.pdf"
eb8d3546-aac8-4ca2-8222-f9e7b93abf34,"storage:migrated/eb8d3546-aac8-4ca2-8222-f9e7b93abf34/Ethics_and_transparency_Assignment_Module_2(1).pdf","https://res.cloudinary.com/tlkzbeei/raw/upload/v1787745124/housmata/submissions/9ed6b3a0-9425-4b19-8d7d-cfd1db1e83fa/a1c15742-Ethics_and_transparency_Assignment_Module_2%281%29.pdf"
2d67ddb2-f75a-4b6c-8860-4800e3547af8,"storage:migrated/2d67ddb2-f75a-4b6c-8860-4800e3547af8/Mock_Inspection_Recording.pdf","https://res.cloudinary.com/tlkzbeei/raw/upload/v1787745125/housmata/submissions/8ee7f3bf-d66c-40ff-bb79-a794d082c457/d9c4b5ab-Mock_Inspection_Recording.pdf"
26dba8b1-4bce-42f2-989e-11553bbf692a,"storage:migrated/26dba8b1-4bce-42f2-989e-11553bbf692a/TENANT_ONBOARDING_ASSESSMENT.pdf","https://res.cloudinary.com/tlkzbeei/raw/upload/v1787745132/housmata/submissions/9ed6b3a0-9425-4b19-8d7d-cfd1db1e83fa/104c7856-TENANT_ONBOARDING_ASSESSMENT.pdf"
371e3eab-9620-4d8b-9bc7-608516321eec,"storage:migrated/371e3eab-9620-4d8b-9bc7-608516321eec/Sample_Property_Inspection_Report_2Bedroom_4.pdf","https://res.cloudinary.com/tlkzbeei/raw/upload/v1787745134/housmata/submissions/204ecd57-a015-410c-9cf0-c5283b96d46f/96e0f0e0-Sample_Property_Inspection_Report_2Bedroom_4.pdf"
c07c9456-bbb2-4c8f-a5a2-a82a6b2c3d3c,"storage:migrated/c07c9456-bbb2-4c8f-a5a2-a82a6b2c3d3c/Property_Inspection_Report_Sample_2-compressed.docx","https://res.cloudinary.com/tlkzbeei/raw/upload/v1787745135/housmata/submissions/0c0daf50-c95c-4c15-a954-4e91e895e133/77e28d79-Property_Inspection_Report_Sample_2-compressed.docx"
f955403e-bb0b-4372-aa60-168e42e95ca7,"storage:migrated/f955403e-bb0b-4372-aa60-168e42e95ca7/Boluwatife_Adeniran_Ethics_Signoff_Case_Analysis_Housmata.pdf","https://res.cloudinary.com/tlkzbeei/raw/upload/v1787745137/housmata/submissions/8ee7f3bf-d66c-40ff-bb79-a794d082c457/c4cc4232-Boluwatife_Adeniran_Ethics_Signoff_Case_Analysis_Housmata.pdf"
11ed24f9-6ee5-4957-8a2e-b66d0e61fbf4,"storage:migrated/11ed24f9-6ee5-4957-8a2e-b66d0e61fbf4/TENANT_ONBOARDING_ASSESSMENT.pdf","https://res.cloudinary.com/tlkzbeei/raw/upload/v1787745145/housmata/submissions/9ed6b3a0-9425-4b19-8d7d-cfd1db1e83fa/e9d592d0-TENANT_ONBOARDING_ASSESSMENT.pdf"
09253911-822e-4b41-8f71-7e32455ad8ae,"storage:migrated/09253911-822e-4b41-8f71-7e32455ad8ae/Assessment_on_property_documentation.pdf","https://res.cloudinary.com/tlkzbeei/raw/upload/v1787745148/housmata/submissions/3f26c3f7-6f83-4628-bbc9-a343ed530a0b/d9be1f57-Assessment_on_property_documentation.pdf"
c09c2f6b-1356-414c-8589-aa15bfad0ede,"storage:migrated/c09c2f6b-1356-414c-8589-aa15bfad0ede/Simulator_exercise.pdf","https://res.cloudinary.com/tlkzbeei/raw/upload/v1787745154/housmata/submissions/8ee7f3bf-d66c-40ff-bb79-a794d082c457/031ee2af-Simulator_exercise.pdf"
d329a35f-e2ff-4f7a-a507-e322acda3f5d,"storage:migrated/d329a35f-e2ff-4f7a-a507-e322acda3f5d/img_tmp_tag1711623667226.jpg","https://res.cloudinary.com/tlkzbeei/image/upload/v1787745155/housmata/submissions/6ec51df5-7f4a-493a-801a-72f089d314d7/9c636d68-img_tmp_tag1711623667226.jpg"
02eefda2-4470-4d33-a0e1-ff183375acd5,"storage:migrated/02eefda2-4470-4d33-a0e1-ff183375acd5/Financial_Flow_Case_Study.pdf","https://res.cloudinary.com/tlkzbeei/raw/upload/v1787745157/housmata/submissions/204ecd57-a015-410c-9cf0-c5283b96d46f/7129c51a-Financial_Flow_Case_Study.pdf"
760e29bb-b0ee-48b9-a5e0-b911d104b037,"storage:migrated/760e29bb-b0ee-48b9-a5e0-b911d104b037/Documentation_Strategy_Property_Documents.pdf","https://res.cloudinary.com/tlkzbeei/raw/upload/v1787745158/housmata/submissions/204ecd57-a015-410c-9cf0-c5283b96d46f/04a07370-Documentation_Strategy_Property_Documents.pdf"
a44af970-2682-4007-8e5c-fccc19a4f3de,"storage:migrated/a44af970-2682-4007-8e5c-fccc19a4f3de/Negotiation_Tactics_Simulation.pdf","https://res.cloudinary.com/tlkzbeei/raw/upload/v1787745161/housmata/submissions/204ecd57-a015-410c-9cf0-c5283b96d46f/3129d3c7-Negotiation_Tactics_Simulation.pdf"
1481faae-2c21-4b35-8917-b9b629f25702,"storage:migrated/1481faae-2c21-4b35-8917-b9b629f25702/Assessment_on_property_documentation.pdf","https://res.cloudinary.com/tlkzbeei/raw/upload/v1787745163/housmata/submissions/3f26c3f7-6f83-4628-bbc9-a343ed530a0b/c0d23dff-Assessment_on_property_documentation.pdf"
19066017-4d18-4d59-83bd-1f213ee8afc0,"storage:migrated/19066017-4d18-4d59-83bd-1f213ee8afc0/debttoincomereatio.docx","https://res.cloudinary.com/tlkzbeei/raw/upload/v1787745164/housmata/submissions/6ec51df5-7f4a-493a-801a-72f089d314d7/8035c08c-debttoincomereatio.docx"
1955a3d6-6faf-49c6-b6cf-3b201fd66488,"storage:migrated/1955a3d6-6faf-49c6-b6cf-3b201fd66488/Juliet_Kolawole_Property_Inspection_Report.pdf","https://res.cloudinary.com/tlkzbeei/raw/upload/v1787745165/housmata/submissions/521f77c3-8a0f-4192-9368-deee90a45c4f/2280e9e9-Juliet_Kolawole_Property_Inspection_Report.pdf"
1c9423ab-4ef8-4143-a1f8-87b80062dab4,"storage:migrated/1c9423ab-4ef8-4143-a1f8-87b80062dab4/tenant_onboarding_process_presentation.pdf","https://res.cloudinary.com/tlkzbeei/raw/upload/v1787745167/housmata/submissions/ca253ba0-7b1d-4ab2-9364-29e45d38f942/a44752fa-tenant_onboarding_process_presentation.pdf"
1f3e9a2a-0871-40b8-b4c9-13dea969ccc8,"storage:migrated/1f3e9a2a-0871-40b8-b4c9-13dea969ccc8/PLATFORM_SETUP_ASSIGNMENT.pdf","https://res.cloudinary.com/tlkzbeei/raw/upload/v1787745169/housmata/submissions/490db3ac-b656-48e7-9b64-abd9bb6817b9/42c1732d-PLATFORM_SETUP_ASSIGNMENT.pdf"
200e356b-ed5c-46ea-a1ed-840291a2a153,"storage:migrated/200e356b-ed5c-46ea-a1ed-840291a2a153/Negotiation_Tactics_Simulation.pdf","https://res.cloudinary.com/tlkzbeei/raw/upload/v1787745170/housmata/submissions/c887b6fc-90ee-412b-90ec-9831bce9f6da/f43267e7-Negotiation_Tactics_Simulation.pdf"
22ce71d5-973d-45f7-872b-1e9ade0eff59,"storage:migrated/22ce71d5-973d-45f7-872b-1e9ade0eff59/Financial_Flow_Case_Study.pdf","https://res.cloudinary.com/tlkzbeei/raw/upload/v1787745171/housmata/submissions/c887b6fc-90ee-412b-90ec-9831bce9f6da/29090027-Financial_Flow_Case_Study.pdf"
24e1926c-cbb0-43e3-a941-a873c07c548b,"storage:migrated/24e1926c-cbb0-43e3-a941-a873c07c548b/Presentation1.pdf","https://res.cloudinary.com/tlkzbeei/raw/upload/v1787745173/housmata/submissions/c887b6fc-90ee-412b-90ec-9831bce9f6da/0432047e-Presentation1.pdf"
2f221ba2-7359-45ac-b77e-73db1ca54b6a,"storage:migrated/2f221ba2-7359-45ac-b77e-73db1ca54b6a/Property_Inspection_Report.pdf","https://res.cloudinary.com/tlkzbeei/raw/upload/v1787745174/housmata/submissions/c887b6fc-90ee-412b-90ec-9831bce9f6da/85ec6614-Property_Inspection_Report.pdf"
32f31902-9d72-49d1-85b0-439808d0a544,"storage:migrated/32f31902-9d72-49d1-85b0-439808d0a544/Closing_File_Compilation_Housmata.pdf","https://res.cloudinary.com/tlkzbeei/raw/upload/v1787745175/housmata/submissions/8ee7f3bf-d66c-40ff-bb79-a794d082c457/078bb282-Closing_File_Compilation_Housmata.pdf"
41a16450-b948-4cb3-ae1c-5aed88eaf787,"storage:migrated/41a16450-b948-4cb3-ae1c-5aed88eaf787/Financial_flow_assessment.pdf","https://res.cloudinary.com/tlkzbeei/raw/upload/v1787745177/housmata/submissions/3f26c3f7-6f83-4628-bbc9-a343ed530a0b/3d3fcc49-Financial_flow_assessment.pdf"
496a0461-a7bd-49e0-8de6-6f9865342b2c,"storage:migrated/496a0461-a7bd-49e0-8de6-6f9865342b2c/Business_Budget_KPI_Setup_Housmata.pdf","https://res.cloudinary.com/tlkzbeei/raw/upload/v1787745178/housmata/submissions/8ee7f3bf-d66c-40ff-bb79-a794d082c457/734793d9-Business_Budget_KPI_Setup_Housmata.pdf"
4e9e53cd-28ee-404d-bea4-dc5f8add1f03,"storage:migrated/4e9e53cd-28ee-404d-bea4-dc5f8add1f03/Property_documentation.pdf","https://res.cloudinary.com/tlkzbeei/raw/upload/v1787745180/housmata/submissions/3f26c3f7-6f83-4628-bbc9-a343ed530a0b/9ed4ac9d-Property_documentation.pdf"
58dad4df-e212-424e-aa5a-43462d86aca1,"storage:migrated/58dad4df-e212-424e-aa5a-43462d86aca1/CONTENT_CREATION_PORTFOLIO_HOUSMATA_PROJECT.pdf","https://res.cloudinary.com/tlkzbeei/raw/upload/v1787745182/housmata/submissions/490db3ac-b656-48e7-9b64-abd9bb6817b9/3036b58d-CONTENT_CREATION_PORTFOLIO_HOUSMATA_PROJECT.pdf"
59322bdb-b0a2-4f04-9439-2a2f327c6350,"storage:migrated/59322bdb-b0a2-4f04-9439-2a2f327c6350/tenant_onboarding_assessment.pdf","https://res.cloudinary.com/tlkzbeei/raw/upload/v1787745184/housmata/submissions/fe781f07-a0a6-44a8-9bf4-895c1a7c3871/5383421a-tenant_onboarding_assessment.pdf"
672d0c16-fb03-41cd-9584-51cc1a354b42,"storage:migrated/672d0c16-fb03-41cd-9584-51cc1a354b42/DOCUMENTATION_STRATEGY.pdf","https://res.cloudinary.com/tlkzbeei/raw/upload/v1787745186/housmata/submissions/c887b6fc-90ee-412b-90ec-9831bce9f6da/db75e320-DOCUMENTATION_STRATEGY.pdf"
67bc8865-3b4f-4f9c-901f-ce19f61722ee,"storage:migrated/67bc8865-3b4f-4f9c-901f-ce19f61722ee/Property_Document_Lifecycle.pdf","https://res.cloudinary.com/tlkzbeei/raw/upload/v1787745187/housmata/submissions/3f26c3f7-6f83-4628-bbc9-a343ed530a0b/e0b51dd8-Property_Document_Lifecycle.pdf"
6e959871-c59d-4b4c-877a-a8efc0da9c0e,"storage:migrated/6e959871-c59d-4b4c-877a-a8efc0da9c0e/Final_Review_Verification_Portfolio_Housmata.pdf","https://res.cloudinary.com/tlkzbeei/raw/upload/v1787745189/housmata/submissions/8ee7f3bf-d66c-40ff-bb79-a794d082c457/4723577b-Final_Review_Verification_Portfolio_Housmata.pdf"
7fa5db43-3019-41d9-806e-f08fadf63f76,"storage:migrated/7fa5db43-3019-41d9-806e-f08fadf63f76/Property_Document_Lifecycle.pdf","https://res.cloudinary.com/tlkzbeei/raw/upload/v1787745191/housmata/submissions/3f26c3f7-6f83-4628-bbc9-a343ed530a0b/9d687966-Property_Document_Lifecycle.pdf"
1dc41b67-1f8c-4625-aaae-3b8c5bc87941,"storage:migrated/1dc41b67-1f8c-4625-aaae-3b8c5bc87941/Document_Inspection_Review.pdf","https://res.cloudinary.com/tlkzbeei/raw/upload/v1787745192/housmata/submissions/8ee7f3bf-d66c-40ff-bb79-a794d082c457/3e992b1b-Document_Inspection_Review.pdf"
96fbddb0-38a5-497c-a1fd-8cb1ea0e92ec,"storage:migrated/96fbddb0-38a5-497c-a1fd-8cb1ea0e92ec/Sample_Property_Inspection_Report.pdf","https://res.cloudinary.com/tlkzbeei/raw/upload/v1787745193/housmata/submissions/844e8fe9-ce6e-4773-88ca-0a036ad20f29/0c3284df-Sample_Property_Inspection_Report.pdf"
debeae1e-a795-4c3a-b631-f91ecf63e7d2,"storage:migrated/debeae1e-a795-4c3a-b631-f91ecf63e7d2/Comprehensive_Tenant_Onboarding_Presentation_(1).docx","https://res.cloudinary.com/tlkzbeei/raw/upload/v1787745194/housmata/submissions/023f4b49-b61b-408a-851d-6ca92bf6450b/05110446-Comprehensive_Tenant_Onboarding_Presentation_%281%29.docx"
c846f2aa-54ae-4e87-9312-54df175b8e9a,"storage:migrated/c846f2aa-54ae-4e87-9312-54df175b8e9a/Mock_Real_Estate_Portfolio.pdf","https://res.cloudinary.com/tlkzbeei/raw/upload/v1787745195/housmata/submissions/7c2d897a-cc45-4aaf-82ed-dbb7ee5cec46/d4c65f4c-Mock_Real_Estate_Portfolio.pdf"
ea2d4273-8f0f-49f3-878e-d3198fc669c9,"storage:migrated/ea2d4273-8f0f-49f3-878e-d3198fc669c9/New_Property_Portfolio_Canva_Ready.pdf","https://res.cloudinary.com/tlkzbeei/raw/upload/v1787745197/housmata/submissions/023f4b49-b61b-408a-851d-6ca92bf6450b/0a2be786-New_Property_Portfolio_Canva_Ready.pdf"
91c22cca-0ad7-40b2-9e2b-7ec7d25a12b7,"storage:migrated/91c22cca-0ad7-40b2-9e2b-7ec7d25a12b7/Assessment_2_Housmata.pdf","https://res.cloudinary.com/tlkzbeei/raw/upload/v1787745198/housmata/submissions/490db3ac-b656-48e7-9b64-abd9bb6817b9/c61adc2b-Assessment_2_Housmata.pdf"
7ae0b42a-44cd-4058-9e0a-d21c5c598c28,"storage:migrated/7ae0b42a-44cd-4058-9e0a-d21c5c598c28/Housmata_Platform_Setup_Assignment.docx","https://res.cloudinary.com/tlkzbeei/raw/upload/v1787745200/housmata/submissions/023f4b49-b61b-408a-851d-6ca92bf6450b/a0f6661b-Housmata_Platform_Setup_Assignment.docx"
a41efc36-1ff9-404f-ae37-8928dd4d71d4,"storage:migrated/a41efc36-1ff9-404f-ae37-8928dd4d71d4/IMG_8754.jpeg","https://res.cloudinary.com/tlkzbeei/image/upload/v1787745202/housmata/submissions/0c0daf50-c95c-4c15-a954-4e91e895e133/4922dafa-IMG_8754.jpg"
cb47e602-6cb8-4730-9993-1b96ea3bc98f,"storage:migrated/cb47e602-6cb8-4730-9993-1b96ea3bc98f/Document_32_1_HOUSMATA_mod_1_assessment.jpg","https://res.cloudinary.com/tlkzbeei/image/upload/v1787745204/housmata/submissions/6ec51df5-7f4a-493a-801a-72f089d314d7/aa250818-Document_32_1_HOUSMATA_mod_1_assessment.jpg"
92d1e132-6a23-4a29-a9f2-5ab6e693df14,"storage:migrated/92d1e132-6a23-4a29-a9f2-5ab6e693df14/Sales_Presentation_Simulation_Housmata.pdf","https://res.cloudinary.com/tlkzbeei/raw/upload/v1787745205/housmata/submissions/8ee7f3bf-d66c-40ff-bb79-a794d082c457/3af79082-Sales_Presentation_Simulation_Housmata.pdf"
ea4fbc1f-0e7b-46a9-bf66-e561bd610d7c,"storage:migrated/ea4fbc1f-0e7b-46a9-bf66-e561bd610d7c/due_diligence_report_.pdf","https://res.cloudinary.com/tlkzbeei/raw/upload/v1787745207/housmata/submissions/6ec51df5-7f4a-493a-801a-72f089d314d7/ba10f2a7-due_diligence_report_.pdf"
35622599-51f0-490f-9bf9-c497b534c182,"storage:migrated/35622599-51f0-490f-9bf9-c497b534c182/Housmata_Ethical_Resolution_Plan.pdf","https://res.cloudinary.com/tlkzbeei/raw/upload/v1787745208/housmata/submissions/18567dd5-ef4b-4c75-a3f2-2d5c1b381524/f16072c2-Housmata_Ethical_Resolution_Plan.pdf"
4fb3a751-9649-4163-a535-dbbf043f29ca,"storage:migrated/4fb3a751-9649-4163-a535-dbbf043f29ca/Assessment_2_Housmata.pdf","https://res.cloudinary.com/tlkzbeei/raw/upload/v1787745210/housmata/submissions/490db3ac-b656-48e7-9b64-abd9bb6817b9/f98f71c4-Assessment_2_Housmata.pdf"
2b153f9b-5ba7-402c-a539-dcf73591b08c,"storage:migrated/2b153f9b-5ba7-402c-a539-dcf73591b08c/Screenshot_20260711-204447_1.png","https://res.cloudinary.com/tlkzbeei/image/upload/v1787745211/housmata/submissions/6ec51df5-7f4a-493a-801a-72f089d314d7/d89b8598-Screenshot_20260711-204447_1.jpg"
2bfaaa8f-ad5f-405c-bb8f-1bf0d3050eaf,"storage:migrated/2bfaaa8f-ad5f-405c-bb8f-1bf0d3050eaf/D._M_Ijitona_Financial_Flow_Case_Study.pdf","https://res.cloudinary.com/tlkzbeei/raw/upload/v1787745212/housmata/submissions/fafffb16-7be7-4d2d-b3b6-4ffbbce71909/0c6b08f4-D._M_Ijitona_Financial_Flow_Case_Study.pdf"
23fda11f-635d-4bca-a4a8-9e985960e4cc,"storage:migrated/23fda11f-635d-4bca-a4a8-9e985960e4cc/Housmata_Tenant_Onboarding_Presentation.pdf","https://res.cloudinary.com/tlkzbeei/raw/upload/v1787745213/housmata/submissions/18567dd5-ef4b-4c75-a3f2-2d5c1b381524/bbbb964b-Housmata_Tenant_Onboarding_Presentation.pdf"
db808f18-3119-44a0-9cc6-772908872e31,"storage:migrated/db808f18-3119-44a0-9cc6-772908872e31/IMG_8754.jpeg","https://res.cloudinary.com/tlkzbeei/image/upload/v1787745215/housmata/submissions/0c0daf50-c95c-4c15-a954-4e91e895e133/1be64388-IMG_8754.jpg"
d3783600-87bc-48c9-a50f-b2d61765e00a,"storage:migrated/d3783600-87bc-48c9-a50f-b2d61765e00a/Property_Document_Lifecycle.pdf","https://res.cloudinary.com/tlkzbeei/raw/upload/v1787745217/housmata/submissions/0c0daf50-c95c-4c15-a954-4e91e895e133/05c3aaba-Property_Document_Lifecycle.pdf"
9ab66200-316a-4cd9-8ccf-86205e709b4e,"storage:migrated/9ab66200-316a-4cd9-8ccf-86205e709b4e/Kolawole_Juliet_Assignment.pdf","https://res.cloudinary.com/tlkzbeei/raw/upload/v1787745218/housmata/submissions/521f77c3-8a0f-4192-9368-deee90a45c4f/9e87290d-Kolawole_Juliet_Assignment.pdf"
b48dd03e-13a3-4e55-afea-d69e3b1c3dd2,"storage:migrated/b48dd03e-13a3-4e55-afea-d69e3b1c3dd2/Housmata_Ethics_Transparency_Case_Study.pdf","https://res.cloudinary.com/tlkzbeei/raw/upload/v1787745219/housmata/submissions/204ecd57-a015-410c-9cf0-c5283b96d46f/70c1506f-Housmata_Ethics_Transparency_Case_Study.pdf"
d58dcb95-4ca3-4e39-8ee0-0a85d724f506,"storage:migrated/d58dcb95-4ca3-4e39-8ee0-0a85d724f506/Tenant_Onboarding_Assessment_2.pdf","https://res.cloudinary.com/tlkzbeei/raw/upload/v1787745221/housmata/submissions/204ecd57-a015-410c-9cf0-c5283b96d46f/ff6ca978-Tenant_Onboarding_Assessment_2.pdf"
ef8035a1-8b8c-4ef8-87a0-52090b16d7c2,"storage:migrated/ef8035a1-8b8c-4ef8-87a0-52090b16d7c2/social_media_marketing_.pdf","https://res.cloudinary.com/tlkzbeei/raw/upload/v1787745222/housmata/submissions/6ec51df5-7f4a-493a-801a-72f089d314d7/1002343c-social_media_marketing_.pdf"
b42af366-1bf1-4ad5-b4bb-39c489b197d0,"storage:migrated/b42af366-1bf1-4ad5-b4bb-39c489b197d0/Content_Creation_Portfolio_Slides.pdf","https://res.cloudinary.com/tlkzbeei/raw/upload/v1787745223/housmata/submissions/204ecd57-a015-410c-9cf0-c5283b96d46f/fca272fb-Content_Creation_Portfolio_Slides.pdf"
166fbc6b-9d5f-440f-b94d-82ce7e75dd4a,"https://res.cloudinary.com/tlkzbeei/raw/upload/v1787745018/housmata/submissions/844e8fe9-ce6e-4773-88ca-0a036ad20f29/aa5f9a18-Housmata_Ethics_and_Transparency_Case_Study.pdf","https://res.cloudinary.com/tlkzbeei/image/upload/v1787747235/housmata/submissions/844e8fe9-ce6e-4773-88ca-0a036ad20f29/a4cd2bef-Housmata_Ethics_and_Transparency_Case_Study.pdf"
4c417edf-0576-4dc9-8d80-e9f70a44b0f3,"https://res.cloudinary.com/tlkzbeei/raw/upload/v1787745020/housmata/submissions/3f26c3f7-6f83-4628-bbc9-a343ed530a0b/a15d7972-Module_1_assignment.2.pdf","https://res.cloudinary.com/tlkzbeei/image/upload/v1787747238/housmata/submissions/3f26c3f7-6f83-4628-bbc9-a343ed530a0b/cc0a315b-Module_1_assignment.2.pdf"
cf3e40c2-cf72-435f-b684-a83db257fe21,"https://res.cloudinary.com/tlkzbeei/raw/upload/v1787745022/housmata/submissions/58c5f981-0001-430f-adf3-c8ed982d0180/4fca642a-Presentation6.pdf","https://res.cloudinary.com/tlkzbeei/image/upload/v1787747241/housmata/submissions/58c5f981-0001-430f-adf3-c8ed982d0180/a00304a5-Presentation6.pdf"
ca3597d3-db27-400b-a852-c254bcbfae95,"https://res.cloudinary.com/tlkzbeei/raw/upload/v1787745023/housmata/submissions/58c5f981-0001-430f-adf3-c8ed982d0180/365ca238-Presentation1.pdf","https://res.cloudinary.com/tlkzbeei/image/upload/v1787747243/housmata/submissions/58c5f981-0001-430f-adf3-c8ed982d0180/cedd52a3-Presentation1.pdf"
59cabf13-1c60-4d50-a976-80ba4222b318,"https://res.cloudinary.com/tlkzbeei/raw/upload/v1787745024/housmata/submissions/58c5f981-0001-430f-adf3-c8ed982d0180/4a6bea36-Presentation3.pdf","https://res.cloudinary.com/tlkzbeei/image/upload/v1787747246/housmata/submissions/58c5f981-0001-430f-adf3-c8ed982d0180/4d346019-Presentation3.pdf"
542c3496-82d5-4a0b-bd61-8908ad3c19dc,"https://res.cloudinary.com/tlkzbeei/raw/upload/v1787745026/housmata/submissions/844e8fe9-ce6e-4773-88ca-0a036ad20f29/f27aef4a-Tenant_Onboarding_Process_Presentation.pdf","https://res.cloudinary.com/tlkzbeei/image/upload/v1787747248/housmata/submissions/844e8fe9-ce6e-4773-88ca-0a036ad20f29/306523f3-Tenant_Onboarding_Process_Presentation.pdf"
89db32f6-a9f6-4405-976b-a1dd09dbaab0,"https://res.cloudinary.com/tlkzbeei/raw/upload/v1787745027/housmata/submissions/cd9c2f64-46cf-4dd2-9ad5-ad4b95474d70/e4b628d2-Tenant_Onboarding_Presentation.pdf","https://res.cloudinary.com/tlkzbeei/image/upload/v1787747250/housmata/submissions/cd9c2f64-46cf-4dd2-9ad5-ad4b95474d70/55eb87ee-Tenant_Onboarding_Presentation.pdf"
95cccf7b-1103-40bf-b992-6c92486e051a,"https://res.cloudinary.com/tlkzbeei/raw/upload/v1787745028/housmata/submissions/58c5f981-0001-430f-adf3-c8ed982d0180/5daedab7-Presentation8.pdf","https://res.cloudinary.com/tlkzbeei/image/upload/v1787747252/housmata/submissions/58c5f981-0001-430f-adf3-c8ed982d0180/38139859-Presentation8.pdf"
8c7e5925-3fce-4375-81c9-117e327a1ad9,"https://res.cloudinary.com/tlkzbeei/raw/upload/v1787745030/housmata/submissions/844e8fe9-ce6e-4773-88ca-0a036ad20f29/2a78ec11-Delinquent_Rent_Case_Study.pdf","https://res.cloudinary.com/tlkzbeei/image/upload/v1787747255/housmata/submissions/844e8fe9-ce6e-4773-88ca-0a036ad20f29/fa7ad9c3-Delinquent_Rent_Case_Study.pdf"
99089c4a-91b2-4e1c-9009-a715f9f6b383,"https://res.cloudinary.com/tlkzbeei/raw/upload/v1787745031/housmata/submissions/58c5f981-0001-430f-adf3-c8ed982d0180/4b0da88f-Presentation4.pdf","https://res.cloudinary.com/tlkzbeei/image/upload/v1787747257/housmata/submissions/58c5f981-0001-430f-adf3-c8ed982d0180/0fbd688c-Presentation4.pdf"
0bc58691-5c7e-4af0-b0c2-c4373f862fc0,"https://res.cloudinary.com/tlkzbeei/raw/upload/v1787745034/housmata/submissions/7c2d897a-cc45-4aaf-82ed-dbb7ee5cec46/f3407c1f-Tenant_Onboarding_Presentation.pdf","https://res.cloudinary.com/tlkzbeei/image/upload/v1787747259/housmata/submissions/7c2d897a-cc45-4aaf-82ed-dbb7ee5cec46/e9e458c0-Tenant_Onboarding_Presentation.pdf"
b9bb1cd3-b582-40d7-b703-6135249928ab,"https://res.cloudinary.com/tlkzbeei/raw/upload/v1787745035/housmata/submissions/58c5f981-0001-430f-adf3-c8ed982d0180/17b3b702-Presentation2.pdf","https://res.cloudinary.com/tlkzbeei/image/upload/v1787747261/housmata/submissions/58c5f981-0001-430f-adf3-c8ed982d0180/8a869ae5-Presentation2.pdf"
5dfeefe5-4cf4-460f-8594-b5da8c210d6c,"https://res.cloudinary.com/tlkzbeei/raw/upload/v1787745040/housmata/submissions/58c5f981-0001-430f-adf3-c8ed982d0180/bd8263e4-Presentation5.pdf","https://res.cloudinary.com/tlkzbeei/image/upload/v1787747264/housmata/submissions/58c5f981-0001-430f-adf3-c8ed982d0180/7f116cf6-Presentation5.pdf"
cfb2b605-ced3-4798-bfa2-13557b72cd52,"https://res.cloudinary.com/tlkzbeei/raw/upload/v1787745042/housmata/submissions/844e8fe9-ce6e-4773-88ca-0a036ad20f29/f0c6f316-Mock_Real_Estate_Portfolio.pdf","https://res.cloudinary.com/tlkzbeei/image/upload/v1787747266/housmata/submissions/844e8fe9-ce6e-4773-88ca-0a036ad20f29/58642484-Mock_Real_Estate_Portfolio.pdf"
298be714-7a8a-4419-ab9c-fe75281fd367,"https://res.cloudinary.com/tlkzbeei/raw/upload/v1787745044/housmata/submissions/58c5f981-0001-430f-adf3-c8ed982d0180/21f6319d-Presentation_043652_pm_b4a728.pdf","https://res.cloudinary.com/tlkzbeei/image/upload/v1787747268/housmata/submissions/58c5f981-0001-430f-adf3-c8ed982d0180/528743de-Presentation_043652_pm_b4a728.pdf"
7eac5381-3aba-4210-b06d-9b42fde9941e,"https://res.cloudinary.com/tlkzbeei/raw/upload/v1787745045/housmata/submissions/844e8fe9-ce6e-4773-88ca-0a036ad20f29/923ea716-Property_Document_Lifecycle.pdf","https://res.cloudinary.com/tlkzbeei/image/upload/v1787747270/housmata/submissions/844e8fe9-ce6e-4773-88ca-0a036ad20f29/be339752-Property_Document_Lifecycle.pdf"
e6d61b43-3514-4216-97c4-cd983766aea3,"https://res.cloudinary.com/tlkzbeei/raw/upload/v1787745046/housmata/submissions/7c2d897a-cc45-4aaf-82ed-dbb7ee5cec46/4148eca5-Housmata_Ethical_Resolution_Plan.pdf","https://res.cloudinary.com/tlkzbeei/image/upload/v1787747272/housmata/submissions/7c2d897a-cc45-4aaf-82ed-dbb7ee5cec46/20d42687-Housmata_Ethical_Resolution_Plan.pdf"
a99f7db2-d251-4993-a7e5-b167b1e3bd88,"https://res.cloudinary.com/tlkzbeei/raw/upload/v1787745047/housmata/submissions/7c2d897a-cc45-4aaf-82ed-dbb7ee5cec46/b595e1a0-Delinquent_Rent_Case_Study.pdf","https://res.cloudinary.com/tlkzbeei/image/upload/v1787747274/housmata/submissions/7c2d897a-cc45-4aaf-82ed-dbb7ee5cec46/ba83a59f-Delinquent_Rent_Case_Study.pdf"
3ee2e542-a900-4ff4-aed8-27daf3dfabf8,"https://res.cloudinary.com/tlkzbeei/raw/upload/v1787745049/housmata/submissions/7c2d897a-cc45-4aaf-82ed-dbb7ee5cec46/21863586-Housmata_Ethical_Resolution_Plan.pdf","https://res.cloudinary.com/tlkzbeei/image/upload/v1787747275/housmata/submissions/7c2d897a-cc45-4aaf-82ed-dbb7ee5cec46/b9eb8285-Housmata_Ethical_Resolution_Plan.pdf"
e086ecf6-972b-4319-9ced-7a60bd81a9cc,"https://res.cloudinary.com/tlkzbeei/raw/upload/v1787745050/housmata/submissions/490db3ac-b656-48e7-9b64-abd9bb6817b9/f7c4e8f1-Property_Inspection_Report_Lagos_Samson.pdf","https://res.cloudinary.com/tlkzbeei/image/upload/v1787747278/housmata/submissions/490db3ac-b656-48e7-9b64-abd9bb6817b9/58022d48-Property_Inspection_Report_Lagos_Samson.pdf"
0150fb24-131f-4f67-9c5f-929dfc7405af,"https://res.cloudinary.com/tlkzbeei/raw/upload/v1787745051/housmata/submissions/a66f09a0-38de-4b95-8cd8-585288d16550/4b5e50f7-pdf_housemata_copy.pdf","https://res.cloudinary.com/tlkzbeei/image/upload/v1787747280/housmata/submissions/a66f09a0-38de-4b95-8cd8-585288d16550/209db61e-pdf_housemata_copy.pdf"
539920a1-d9e5-4a8b-bde1-957d71e2d127,"https://res.cloudinary.com/tlkzbeei/raw/upload/v1787745052/housmata/submissions/7c2d897a-cc45-4aaf-82ed-dbb7ee5cec46/f7bfae00-Sample_Property_Inspection_Report.pdf","https://res.cloudinary.com/tlkzbeei/image/upload/v1787747282/housmata/submissions/7c2d897a-cc45-4aaf-82ed-dbb7ee5cec46/2b6c9591-Sample_Property_Inspection_Report.pdf"
256b3b5f-9ca2-473c-a223-a99b27c15d82,"https://res.cloudinary.com/tlkzbeei/raw/upload/v1787745053/housmata/submissions/7c2d897a-cc45-4aaf-82ed-dbb7ee5cec46/cbdf70cd-Housmata_Ethical_Resolution_Plan.pdf","https://res.cloudinary.com/tlkzbeei/image/upload/v1787747284/housmata/submissions/7c2d897a-cc45-4aaf-82ed-dbb7ee5cec46/3e409a92-Housmata_Ethical_Resolution_Plan.pdf"
1c0f9a4f-ce43-48ef-aaef-1b05fb637274,"https://res.cloudinary.com/tlkzbeei/raw/upload/v1787745054/housmata/submissions/fafffb16-7be7-4d2d-b3b6-4ffbbce71909/5983fceb-D._M_Ijitona_Documentation_Strategy_Property_Document_Lifecycle.pdf","https://res.cloudinary.com/tlkzbeei/image/upload/v1787747286/housmata/submissions/fafffb16-7be7-4d2d-b3b6-4ffbbce71909/a9cdd416-D._M_Ijitona_Documentation_Strategy_Property_Document_Lifecycle.pdf"
aaf9e949-b916-43f8-8d41-d98735625cbe,"https://res.cloudinary.com/tlkzbeei/raw/upload/v1787745056/housmata/submissions/a66f09a0-38de-4b95-8cd8-585288d16550/111b55c8-pdf_housemata_copy.pdf","https://res.cloudinary.com/tlkzbeei/image/upload/v1787747288/housmata/submissions/a66f09a0-38de-4b95-8cd8-585288d16550/d043653f-pdf_housemata_copy.pdf"
a53c2779-6074-4660-85bb-0e430afe790c,"https://res.cloudinary.com/tlkzbeei/raw/upload/v1787745057/housmata/submissions/a66f09a0-38de-4b95-8cd8-585288d16550/a4544a32-Document.pdf","https://res.cloudinary.com/tlkzbeei/image/upload/v1787747291/housmata/submissions/a66f09a0-38de-4b95-8cd8-585288d16550/c80e8111-Document.pdf"
d735aacf-046a-407b-b368-28bdc7504845,"https://res.cloudinary.com/tlkzbeei/raw/upload/v1787745058/housmata/submissions/3f26c3f7-6f83-4628-bbc9-a343ed530a0b/f14eefb4-Tenant_Onboarding_Assessment.pdf","https://res.cloudinary.com/tlkzbeei/image/upload/v1787747293/housmata/submissions/3f26c3f7-6f83-4628-bbc9-a343ed530a0b/776b5dfe-Tenant_Onboarding_Assessment.pdf"
01f43f52-9d14-40fa-a238-2a760fbe3139,"https://res.cloudinary.com/tlkzbeei/raw/upload/v1787745059/housmata/submissions/a66f09a0-38de-4b95-8cd8-585288d16550/2d437d9e-PDF.pdf","https://res.cloudinary.com/tlkzbeei/image/upload/v1787747295/housmata/submissions/a66f09a0-38de-4b95-8cd8-585288d16550/8c2ea404-PDF.pdf"
20f6a39c-115b-4fa3-b8c7-e66d498b312a,"https://res.cloudinary.com/tlkzbeei/raw/upload/v1787745060/housmata/submissions/a66f09a0-38de-4b95-8cd8-585288d16550/84123f5c-Document.pdf","https://res.cloudinary.com/tlkzbeei/image/upload/v1787747297/housmata/submissions/a66f09a0-38de-4b95-8cd8-585288d16550/937a6723-Document.pdf"
c8a7c0d7-12b6-4358-a1e4-133e0537d2b5,"https://res.cloudinary.com/tlkzbeei/raw/upload/v1787745061/housmata/submissions/a66f09a0-38de-4b95-8cd8-585288d16550/d75f69af-pdf_housemata_copy.pdf","https://res.cloudinary.com/tlkzbeei/image/upload/v1787747299/housmata/submissions/a66f09a0-38de-4b95-8cd8-585288d16550/4385377f-pdf_housemata_copy.pdf"
3e9e130a-19d3-46e4-a6ba-6ffea9b35d95,"https://res.cloudinary.com/tlkzbeei/raw/upload/v1787745063/housmata/submissions/a66f09a0-38de-4b95-8cd8-585288d16550/acf25363-pdf_housemata_copy.pdf","https://res.cloudinary.com/tlkzbeei/image/upload/v1787747301/housmata/submissions/a66f09a0-38de-4b95-8cd8-585288d16550/5c212f5e-pdf_housemata_copy.pdf"
b35ef733-b861-4dfc-84fa-e3206793020d,"https://res.cloudinary.com/tlkzbeei/raw/upload/v1787745064/housmata/submissions/490db3ac-b656-48e7-9b64-abd9bb6817b9/9469b3cd-Assessment_2_Housmata.pdf","https://res.cloudinary.com/tlkzbeei/image/upload/v1787747303/housmata/submissions/490db3ac-b656-48e7-9b64-abd9bb6817b9/78e08b5e-Assessment_2_Housmata.pdf"
684a7424-5034-457a-a700-0b82d7a24aa5,"https://res.cloudinary.com/tlkzbeei/raw/upload/v1787745066/housmata/submissions/13b287d0-5be3-4d9f-b081-fb10c2ef78d4/3b767f28-Qudus_Oyedeji.pdf","https://res.cloudinary.com/tlkzbeei/image/upload/v1787747306/housmata/submissions/13b287d0-5be3-4d9f-b081-fb10c2ef78d4/97693643-Qudus_Oyedeji.pdf"
ef9fff86-6c2e-46b6-9bf8-587e36292495,"https://res.cloudinary.com/tlkzbeei/raw/upload/v1787745073/housmata/submissions/13b287d0-5be3-4d9f-b081-fb10c2ef78d4/3712d020-Qudus_Oyedeji.pdf","https://res.cloudinary.com/tlkzbeei/image/upload/v1787747308/housmata/submissions/13b287d0-5be3-4d9f-b081-fb10c2ef78d4/71591018-Qudus_Oyedeji.pdf"
774ba356-157e-4c59-8ef3-d3483b35e7e6,"https://res.cloudinary.com/tlkzbeei/raw/upload/v1787745076/housmata/submissions/3f26c3f7-6f83-4628-bbc9-a343ed530a0b/e6a82a1b-Property_inspection_Assessment.pdf","https://res.cloudinary.com/tlkzbeei/image/upload/v1787747310/housmata/submissions/3f26c3f7-6f83-4628-bbc9-a343ed530a0b/f5bec95d-Property_inspection_Assessment.pdf"
01e17405-37bc-4905-95ea-124e34a215f3,"https://res.cloudinary.com/tlkzbeei/raw/upload/v1787745088/housmata/submissions/844e8fe9-ce6e-4773-88ca-0a036ad20f29/e588daef-Negotiation_Tactics_Simulation.pdf","https://res.cloudinary.com/tlkzbeei/image/upload/v1787747312/housmata/submissions/844e8fe9-ce6e-4773-88ca-0a036ad20f29/83989092-Negotiation_Tactics_Simulation.pdf"
59cfff3f-940a-4cba-9557-1605f4718581,"https://res.cloudinary.com/tlkzbeei/raw/upload/v1787745089/housmata/submissions/844e8fe9-ce6e-4773-88ca-0a036ad20f29/77176656-Housmata_Initial_Account_Setup_Slide_Deck.pdf","https://res.cloudinary.com/tlkzbeei/image/upload/v1787747314/housmata/submissions/844e8fe9-ce6e-4773-88ca-0a036ad20f29/73f5e2a4-Housmata_Initial_Account_Setup_Slide_Deck.pdf"
84fc0fa0-9357-4e7e-b5a5-4f84bf75bdbf,"https://res.cloudinary.com/tlkzbeei/raw/upload/v1787745092/housmata/submissions/13b287d0-5be3-4d9f-b081-fb10c2ef78d4/c4af918b-Housmata_Pitchdeck_Jan_2026_%282%29.pdf","https://res.cloudinary.com/tlkzbeei/image/upload/v1787747318/housmata/submissions/13b287d0-5be3-4d9f-b081-fb10c2ef78d4/ba918f5f-Housmata_Pitchdeck_Jan_2026_%282%29.pdf"
d47a5881-2976-4cb1-b48b-4e1f601cc4aa,"https://res.cloudinary.com/tlkzbeei/raw/upload/v1787745095/housmata/submissions/13b287d0-5be3-4d9f-b081-fb10c2ef78d4/fe80b487-Housmata_Pitchdeck_Jan_2026_%282%29.pdf","https://res.cloudinary.com/tlkzbeei/image/upload/v1787747321/housmata/submissions/13b287d0-5be3-4d9f-b081-fb10c2ef78d4/730789f1-Housmata_Pitchdeck_Jan_2026_%282%29.pdf"
6e4d348f-ed58-4a55-b15a-90b0ebbcae09,"https://res.cloudinary.com/tlkzbeei/raw/upload/v1787745097/housmata/submissions/6ec51df5-7f4a-493a-801a-72f089d314d7/eb097692-property_marketing_pitch.pdf","https://res.cloudinary.com/tlkzbeei/image/upload/v1787747324/housmata/submissions/6ec51df5-7f4a-493a-801a-72f089d314d7/92402950-property_marketing_pitch.pdf"
bfd8195a-986f-4ef2-bb46-9c6444f5c111,"https://res.cloudinary.com/tlkzbeei/raw/upload/v1787745099/housmata/submissions/204ecd57-a015-410c-9cf0-c5283b96d46f/e7e4760f-Content_Creation_Portfolio_Slides.pdf","https://res.cloudinary.com/tlkzbeei/image/upload/v1787747325/housmata/submissions/204ecd57-a015-410c-9cf0-c5283b96d46f/75d2a33d-Content_Creation_Portfolio_Slides.pdf"
9190c7c6-2b33-4ed9-98cc-d8a15a8df972,"https://res.cloudinary.com/tlkzbeei/raw/upload/v1787745101/housmata/submissions/fafffb16-7be7-4d2d-b3b6-4ffbbce71909/a62b661f-D._M_Ijitona__Visual_Storytelling.pdf","https://res.cloudinary.com/tlkzbeei/image/upload/v1787747328/housmata/submissions/fafffb16-7be7-4d2d-b3b6-4ffbbce71909/1edf8fa0-D._M_Ijitona__Visual_Storytelling.pdf"
15773da2-908b-41da-9311-7bb813a639d3,"https://res.cloudinary.com/tlkzbeei/raw/upload/v1787745102/housmata/submissions/8ee7f3bf-d66c-40ff-bb79-a794d082c457/70d51d33-Listing_Campaign_Design_Housmata.pdf","https://res.cloudinary.com/tlkzbeei/image/upload/v1787747329/housmata/submissions/8ee7f3bf-d66c-40ff-bb79-a794d082c457/dda6a1cb-Listing_Campaign_Design_Housmata.pdf"
2302ebf7-42f0-472f-90bb-7f772159be3f,"https://res.cloudinary.com/tlkzbeei/raw/upload/v1787745103/housmata/submissions/8ee7f3bf-d66c-40ff-bb79-a794d082c457/26297e82-Boluwatife_Adeniran_Land_Banking_Sourcing_Oke_Oyi_Kwara.pdf","https://res.cloudinary.com/tlkzbeei/image/upload/v1787747331/housmata/submissions/8ee7f3bf-d66c-40ff-bb79-a794d082c457/96d9bea6-Boluwatife_Adeniran_Land_Banking_Sourcing_Oke_Oyi_Kwara.pdf"
e91b75f2-48e7-45f2-bca2-8c1ecc67d5af,"https://res.cloudinary.com/tlkzbeei/raw/upload/v1787745108/housmata/submissions/fafffb16-7be7-4d2d-b3b6-4ffbbce71909/a9080fc0-D._M_IJitona_Tenant_Onboarding_Assessment_Presentation.pdf","https://res.cloudinary.com/tlkzbeei/image/upload/v1787747333/housmata/submissions/fafffb16-7be7-4d2d-b3b6-4ffbbce71909/fe9a7d97-D._M_IJitona_Tenant_Onboarding_Assessment_Presentation.pdf"
f8f2db81-6868-4f64-b7d5-6a4a50bbc80f,"https://res.cloudinary.com/tlkzbeei/raw/upload/v1787745109/housmata/submissions/fafffb16-7be7-4d2d-b3b6-4ffbbce71909/25ccb685-D._M_Ijitona_Negotiation_Tactics.pdf","https://res.cloudinary.com/tlkzbeei/image/upload/v1787747336/housmata/submissions/fafffb16-7be7-4d2d-b3b6-4ffbbce71909/c42e1c30-D._M_Ijitona_Negotiation_Tactics.pdf"
73c2d6e7-7d03-4115-8847-03861cea93ad,"https://res.cloudinary.com/tlkzbeei/raw/upload/v1787745110/housmata/submissions/fafffb16-7be7-4d2d-b3b6-4ffbbce71909/b61b1e50-Housmata_Platform_Setup_Assignment.pdf","https://res.cloudinary.com/tlkzbeei/image/upload/v1787747337/housmata/submissions/fafffb16-7be7-4d2d-b3b6-4ffbbce71909/24ccc171-Housmata_Platform_Setup_Assignment.pdf"
e08790a9-1c6a-47dc-8e1c-508913b42dd3,"https://res.cloudinary.com/tlkzbeei/raw/upload/v1787745111/housmata/submissions/fafffb16-7be7-4d2d-b3b6-4ffbbce71909/ad3e51e7-D._M_Ijitona__%2CSample_Property_Inspection_Report.pdf","https://res.cloudinary.com/tlkzbeei/image/upload/v1787747340/housmata/submissions/fafffb16-7be7-4d2d-b3b6-4ffbbce71909/2b6a3ad1-D._M_Ijitona__%2CSample_Property_Inspection_Report.pdf"
02480488-d503-4bee-9ba3-019256792f70,"https://res.cloudinary.com/tlkzbeei/raw/upload/v1787745112/housmata/submissions/8ee7f3bf-d66c-40ff-bb79-a794d082c457/3e566931-Boluwatife_Adeniran_Growth_Corridor_Research_Kwara_State.pdf","https://res.cloudinary.com/tlkzbeei/image/upload/v1787747342/housmata/submissions/8ee7f3bf-d66c-40ff-bb79-a794d082c457/d4498d27-Boluwatife_Adeniran_Growth_Corridor_Research_Kwara_State.pdf"
81f965f8-7ef1-4884-91d3-7a29c491aabb,"https://res.cloudinary.com/tlkzbeei/raw/upload/v1787745113/housmata/submissions/8ee7f3bf-d66c-40ff-bb79-a794d082c457/d019ca15-Housmata_Property_Verification_Checklist_Mock_Property.pdf","https://res.cloudinary.com/tlkzbeei/image/upload/v1787747343/housmata/submissions/8ee7f3bf-d66c-40ff-bb79-a794d082c457/7079a8cd-Housmata_Property_Verification_Checklist_Mock_Property.pdf"
b5508c9a-3770-45bd-bdb8-a0510fe57b8c,"https://res.cloudinary.com/tlkzbeei/raw/upload/v1787745114/housmata/submissions/8ee7f3bf-d66c-40ff-bb79-a794d082c457/d9e067c3-Payment_Plan_Comparison_Report.pdf","https://res.cloudinary.com/tlkzbeei/image/upload/v1787747345/housmata/submissions/8ee7f3bf-d66c-40ff-bb79-a794d082c457/d50de9b8-Payment_Plan_Comparison_Report.pdf"
6b6e06d4-6673-473a-839c-a95ddb91ef92,"https://res.cloudinary.com/tlkzbeei/raw/upload/v1787745116/housmata/submissions/844e8fe9-ce6e-4773-88ca-0a036ad20f29/0d36f8d4-Negotiation_Tactics_Simulation.pdf","https://res.cloudinary.com/tlkzbeei/image/upload/v1787747347/housmata/submissions/844e8fe9-ce6e-4773-88ca-0a036ad20f29/398a7937-Negotiation_Tactics_Simulation.pdf"
d149821d-ac4c-44e2-b689-1df4176bca94,"https://res.cloudinary.com/tlkzbeei/raw/upload/v1787745117/housmata/submissions/844e8fe9-ce6e-4773-88ca-0a036ad20f29/8e53a7cd-Housmata_Initial_Account_Setup_Slide_Deck.pdf","https://res.cloudinary.com/tlkzbeei/image/upload/v1787747349/housmata/submissions/844e8fe9-ce6e-4773-88ca-0a036ad20f29/847e879b-Housmata_Initial_Account_Setup_Slide_Deck.pdf"
63f79274-c935-4117-9fb6-4323b2387fb3,"https://res.cloudinary.com/tlkzbeei/raw/upload/v1787745118/housmata/submissions/0c0daf50-c95c-4c15-a954-4e91e895e133/d26500cc-Housmata_Account_Setup_Presentation.pdf","https://res.cloudinary.com/tlkzbeei/image/upload/v1787747351/housmata/submissions/0c0daf50-c95c-4c15-a954-4e91e895e133/e9099cff-Housmata_Account_Setup_Presentation.pdf"
cdb73593-bbdc-4e38-84d8-bb7809271068,"https://res.cloudinary.com/tlkzbeei/raw/upload/v1787745119/housmata/submissions/8ee7f3bf-d66c-40ff-bb79-a794d082c457/c43508db-Mortgage_Readiness_Assessment.pdf","https://res.cloudinary.com/tlkzbeei/image/upload/v1787747354/housmata/submissions/8ee7f3bf-d66c-40ff-bb79-a794d082c457/bf29216e-Mortgage_Readiness_Assessment.pdf"
cf90c114-a1bf-402d-a076-23fcceba7956,"https://res.cloudinary.com/tlkzbeei/raw/upload/v1787745121/housmata/submissions/b5571e7d-3f1f-4bcc-aebc-d46aa9752932/05653795-Housmata_Ethics_Case_Study_Beginner-1.pdf","https://res.cloudinary.com/tlkzbeei/image/upload/v1787747357/housmata/submissions/b5571e7d-3f1f-4bcc-aebc-d46aa9752932/b6451d55-Housmata_Ethics_Case_Study_Beginner-1.pdf"
ec1e0857-f0f9-4738-914c-bc7b56380a5c,"https://res.cloudinary.com/tlkzbeei/raw/upload/v1787745122/housmata/submissions/fafffb16-7be7-4d2d-b3b6-4ffbbce71909/0f0de070-D._M_Ijitona.pdf","https://res.cloudinary.com/tlkzbeei/image/upload/v1787747359/housmata/submissions/fafffb16-7be7-4d2d-b3b6-4ffbbce71909/71fd7794-D._M_Ijitona.pdf"
eb8d3546-aac8-4ca2-8222-f9e7b93abf34,"https://res.cloudinary.com/tlkzbeei/raw/upload/v1787745124/housmata/submissions/9ed6b3a0-9425-4b19-8d7d-cfd1db1e83fa/a1c15742-Ethics_and_transparency_Assignment_Module_2%281%29.pdf","https://res.cloudinary.com/tlkzbeei/image/upload/v1787747362/housmata/submissions/9ed6b3a0-9425-4b19-8d7d-cfd1db1e83fa/95cdcacc-Ethics_and_transparency_Assignment_Module_2%281%29.pdf"
2d67ddb2-f75a-4b6c-8860-4800e3547af8,"https://res.cloudinary.com/tlkzbeei/raw/upload/v1787745125/housmata/submissions/8ee7f3bf-d66c-40ff-bb79-a794d082c457/d9c4b5ab-Mock_Inspection_Recording.pdf","https://res.cloudinary.com/tlkzbeei/image/upload/v1787747364/housmata/submissions/8ee7f3bf-d66c-40ff-bb79-a794d082c457/04a94c37-Mock_Inspection_Recording.pdf"
26dba8b1-4bce-42f2-989e-11553bbf692a,"https://res.cloudinary.com/tlkzbeei/raw/upload/v1787745132/housmata/submissions/9ed6b3a0-9425-4b19-8d7d-cfd1db1e83fa/104c7856-TENANT_ONBOARDING_ASSESSMENT.pdf","https://res.cloudinary.com/tlkzbeei/image/upload/v1787747371/housmata/submissions/9ed6b3a0-9425-4b19-8d7d-cfd1db1e83fa/44465b41-TENANT_ONBOARDING_ASSESSMENT.pdf"
371e3eab-9620-4d8b-9bc7-608516321eec,"https://res.cloudinary.com/tlkzbeei/raw/upload/v1787745134/housmata/submissions/204ecd57-a015-410c-9cf0-c5283b96d46f/96e0f0e0-Sample_Property_Inspection_Report_2Bedroom_4.pdf","https://res.cloudinary.com/tlkzbeei/image/upload/v1787747374/housmata/submissions/204ecd57-a015-410c-9cf0-c5283b96d46f/04dcae97-Sample_Property_Inspection_Report_2Bedroom_4.pdf"
f955403e-bb0b-4372-aa60-168e42e95ca7,"https://res.cloudinary.com/tlkzbeei/raw/upload/v1787745137/housmata/submissions/8ee7f3bf-d66c-40ff-bb79-a794d082c457/c4cc4232-Boluwatife_Adeniran_Ethics_Signoff_Case_Analysis_Housmata.pdf","https://res.cloudinary.com/tlkzbeei/image/upload/v1787747376/housmata/submissions/8ee7f3bf-d66c-40ff-bb79-a794d082c457/20f523b3-Boluwatife_Adeniran_Ethics_Signoff_Case_Analysis_Housmata.pdf"
11ed24f9-6ee5-4957-8a2e-b66d0e61fbf4,"https://res.cloudinary.com/tlkzbeei/raw/upload/v1787745145/housmata/submissions/9ed6b3a0-9425-4b19-8d7d-cfd1db1e83fa/e9d592d0-TENANT_ONBOARDING_ASSESSMENT.pdf","https://res.cloudinary.com/tlkzbeei/image/upload/v1787747384/housmata/submissions/9ed6b3a0-9425-4b19-8d7d-cfd1db1e83fa/a2444448-TENANT_ONBOARDING_ASSESSMENT.pdf"
09253911-822e-4b41-8f71-7e32455ad8ae,"https://res.cloudinary.com/tlkzbeei/raw/upload/v1787745148/housmata/submissions/3f26c3f7-6f83-4628-bbc9-a343ed530a0b/d9be1f57-Assessment_on_property_documentation.pdf","https://res.cloudinary.com/tlkzbeei/image/upload/v1787747387/housmata/submissions/3f26c3f7-6f83-4628-bbc9-a343ed530a0b/cdd7605a-Assessment_on_property_documentation.pdf"
c09c2f6b-1356-414c-8589-aa15bfad0ede,"https://res.cloudinary.com/tlkzbeei/raw/upload/v1787745154/housmata/submissions/8ee7f3bf-d66c-40ff-bb79-a794d082c457/031ee2af-Simulator_exercise.pdf","https://res.cloudinary.com/tlkzbeei/image/upload/v1787747394/housmata/submissions/8ee7f3bf-d66c-40ff-bb79-a794d082c457/6be197da-Simulator_exercise.pdf"
02eefda2-4470-4d33-a0e1-ff183375acd5,"https://res.cloudinary.com/tlkzbeei/raw/upload/v1787745157/housmata/submissions/204ecd57-a015-410c-9cf0-c5283b96d46f/7129c51a-Financial_Flow_Case_Study.pdf","https://res.cloudinary.com/tlkzbeei/image/upload/v1787747396/housmata/submissions/204ecd57-a015-410c-9cf0-c5283b96d46f/6d5628c9-Financial_Flow_Case_Study.pdf"
760e29bb-b0ee-48b9-a5e0-b911d104b037,"https://res.cloudinary.com/tlkzbeei/raw/upload/v1787745158/housmata/submissions/204ecd57-a015-410c-9cf0-c5283b96d46f/04a07370-Documentation_Strategy_Property_Documents.pdf","https://res.cloudinary.com/tlkzbeei/image/upload/v1787747399/housmata/submissions/204ecd57-a015-410c-9cf0-c5283b96d46f/5f27cdfa-Documentation_Strategy_Property_Documents.pdf"
a44af970-2682-4007-8e5c-fccc19a4f3de,"https://res.cloudinary.com/tlkzbeei/raw/upload/v1787745161/housmata/submissions/204ecd57-a015-410c-9cf0-c5283b96d46f/3129d3c7-Negotiation_Tactics_Simulation.pdf","https://res.cloudinary.com/tlkzbeei/image/upload/v1787747401/housmata/submissions/204ecd57-a015-410c-9cf0-c5283b96d46f/d194bcff-Negotiation_Tactics_Simulation.pdf"
1481faae-2c21-4b35-8917-b9b629f25702,"https://res.cloudinary.com/tlkzbeei/raw/upload/v1787745163/housmata/submissions/3f26c3f7-6f83-4628-bbc9-a343ed530a0b/c0d23dff-Assessment_on_property_documentation.pdf","https://res.cloudinary.com/tlkzbeei/image/upload/v1787747404/housmata/submissions/3f26c3f7-6f83-4628-bbc9-a343ed530a0b/88d25d81-Assessment_on_property_documentation.pdf"
1955a3d6-6faf-49c6-b6cf-3b201fd66488,"https://res.cloudinary.com/tlkzbeei/raw/upload/v1787745165/housmata/submissions/521f77c3-8a0f-4192-9368-deee90a45c4f/2280e9e9-Juliet_Kolawole_Property_Inspection_Report.pdf","https://res.cloudinary.com/tlkzbeei/image/upload/v1787747406/housmata/submissions/521f77c3-8a0f-4192-9368-deee90a45c4f/da618209-Juliet_Kolawole_Property_Inspection_Report.pdf"
1c9423ab-4ef8-4143-a1f8-87b80062dab4,"https://res.cloudinary.com/tlkzbeei/raw/upload/v1787745167/housmata/submissions/ca253ba0-7b1d-4ab2-9364-29e45d38f942/a44752fa-tenant_onboarding_process_presentation.pdf","https://res.cloudinary.com/tlkzbeei/image/upload/v1787747410/housmata/submissions/ca253ba0-7b1d-4ab2-9364-29e45d38f942/0f08596f-tenant_onboarding_process_presentation.pdf"
1f3e9a2a-0871-40b8-b4c9-13dea969ccc8,"https://res.cloudinary.com/tlkzbeei/raw/upload/v1787745169/housmata/submissions/490db3ac-b656-48e7-9b64-abd9bb6817b9/42c1732d-PLATFORM_SETUP_ASSIGNMENT.pdf","https://res.cloudinary.com/tlkzbeei/image/upload/v1787747413/housmata/submissions/490db3ac-b656-48e7-9b64-abd9bb6817b9/d4b1a691-PLATFORM_SETUP_ASSIGNMENT.pdf"
200e356b-ed5c-46ea-a1ed-840291a2a153,"https://res.cloudinary.com/tlkzbeei/raw/upload/v1787745170/housmata/submissions/c887b6fc-90ee-412b-90ec-9831bce9f6da/f43267e7-Negotiation_Tactics_Simulation.pdf","https://res.cloudinary.com/tlkzbeei/image/upload/v1787747415/housmata/submissions/c887b6fc-90ee-412b-90ec-9831bce9f6da/a3a9cf64-Negotiation_Tactics_Simulation.pdf"
22ce71d5-973d-45f7-872b-1e9ade0eff59,"https://res.cloudinary.com/tlkzbeei/raw/upload/v1787745171/housmata/submissions/c887b6fc-90ee-412b-90ec-9831bce9f6da/29090027-Financial_Flow_Case_Study.pdf","https://res.cloudinary.com/tlkzbeei/image/upload/v1787747417/housmata/submissions/c887b6fc-90ee-412b-90ec-9831bce9f6da/bcda01a0-Financial_Flow_Case_Study.pdf"
24e1926c-cbb0-43e3-a941-a873c07c548b,"https://res.cloudinary.com/tlkzbeei/raw/upload/v1787745173/housmata/submissions/c887b6fc-90ee-412b-90ec-9831bce9f6da/0432047e-Presentation1.pdf","https://res.cloudinary.com/tlkzbeei/image/upload/v1787747419/housmata/submissions/c887b6fc-90ee-412b-90ec-9831bce9f6da/817ed335-Presentation1.pdf"
2f221ba2-7359-45ac-b77e-73db1ca54b6a,"https://res.cloudinary.com/tlkzbeei/raw/upload/v1787745174/housmata/submissions/c887b6fc-90ee-412b-90ec-9831bce9f6da/85ec6614-Property_Inspection_Report.pdf","https://res.cloudinary.com/tlkzbeei/image/upload/v1787747422/housmata/submissions/c887b6fc-90ee-412b-90ec-9831bce9f6da/08f9531b-Property_Inspection_Report.pdf"
32f31902-9d72-49d1-85b0-439808d0a544,"https://res.cloudinary.com/tlkzbeei/raw/upload/v1787745175/housmata/submissions/8ee7f3bf-d66c-40ff-bb79-a794d082c457/078bb282-Closing_File_Compilation_Housmata.pdf","https://res.cloudinary.com/tlkzbeei/image/upload/v1787747424/housmata/submissions/8ee7f3bf-d66c-40ff-bb79-a794d082c457/d20d33f2-Closing_File_Compilation_Housmata.pdf"
41a16450-b948-4cb3-ae1c-5aed88eaf787,"https://res.cloudinary.com/tlkzbeei/raw/upload/v1787745177/housmata/submissions/3f26c3f7-6f83-4628-bbc9-a343ed530a0b/3d3fcc49-Financial_flow_assessment.pdf","https://res.cloudinary.com/tlkzbeei/image/upload/v1787747426/housmata/submissions/3f26c3f7-6f83-4628-bbc9-a343ed530a0b/aab57d9a-Financial_flow_assessment.pdf"
496a0461-a7bd-49e0-8de6-6f9865342b2c,"https://res.cloudinary.com/tlkzbeei/raw/upload/v1787745178/housmata/submissions/8ee7f3bf-d66c-40ff-bb79-a794d082c457/734793d9-Business_Budget_KPI_Setup_Housmata.pdf","https://res.cloudinary.com/tlkzbeei/image/upload/v1787747428/housmata/submissions/8ee7f3bf-d66c-40ff-bb79-a794d082c457/86c8842f-Business_Budget_KPI_Setup_Housmata.pdf"
4e9e53cd-28ee-404d-bea4-dc5f8add1f03,"https://res.cloudinary.com/tlkzbeei/raw/upload/v1787745180/housmata/submissions/3f26c3f7-6f83-4628-bbc9-a343ed530a0b/9ed4ac9d-Property_documentation.pdf","https://res.cloudinary.com/tlkzbeei/image/upload/v1787747432/housmata/submissions/3f26c3f7-6f83-4628-bbc9-a343ed530a0b/79f163db-Property_documentation.pdf"
58dad4df-e212-424e-aa5a-43462d86aca1,"https://res.cloudinary.com/tlkzbeei/raw/upload/v1787745182/housmata/submissions/490db3ac-b656-48e7-9b64-abd9bb6817b9/3036b58d-CONTENT_CREATION_PORTFOLIO_HOUSMATA_PROJECT.pdf","https://res.cloudinary.com/tlkzbeei/image/upload/v1787747435/housmata/submissions/490db3ac-b656-48e7-9b64-abd9bb6817b9/87f2c089-CONTENT_CREATION_PORTFOLIO_HOUSMATA_PROJECT.pdf"
59322bdb-b0a2-4f04-9439-2a2f327c6350,"https://res.cloudinary.com/tlkzbeei/raw/upload/v1787745184/housmata/submissions/fe781f07-a0a6-44a8-9bf4-895c1a7c3871/5383421a-tenant_onboarding_assessment.pdf","https://res.cloudinary.com/tlkzbeei/image/upload/v1787747437/housmata/submissions/fe781f07-a0a6-44a8-9bf4-895c1a7c3871/427c7539-tenant_onboarding_assessment.pdf"
672d0c16-fb03-41cd-9584-51cc1a354b42,"https://res.cloudinary.com/tlkzbeei/raw/upload/v1787745186/housmata/submissions/c887b6fc-90ee-412b-90ec-9831bce9f6da/db75e320-DOCUMENTATION_STRATEGY.pdf","https://res.cloudinary.com/tlkzbeei/image/upload/v1787747440/housmata/submissions/c887b6fc-90ee-412b-90ec-9831bce9f6da/d3980319-DOCUMENTATION_STRATEGY.pdf"
67bc8865-3b4f-4f9c-901f-ce19f61722ee,"https://res.cloudinary.com/tlkzbeei/raw/upload/v1787745187/housmata/submissions/3f26c3f7-6f83-4628-bbc9-a343ed530a0b/e0b51dd8-Property_Document_Lifecycle.pdf","https://res.cloudinary.com/tlkzbeei/image/upload/v1787747442/housmata/submissions/3f26c3f7-6f83-4628-bbc9-a343ed530a0b/956fcd7f-Property_Document_Lifecycle.pdf"
6e959871-c59d-4b4c-877a-a8efc0da9c0e,"https://res.cloudinary.com/tlkzbeei/raw/upload/v1787745189/housmata/submissions/8ee7f3bf-d66c-40ff-bb79-a794d082c457/4723577b-Final_Review_Verification_Portfolio_Housmata.pdf","https://res.cloudinary.com/tlkzbeei/image/upload/v1787747444/housmata/submissions/8ee7f3bf-d66c-40ff-bb79-a794d082c457/72804f4a-Final_Review_Verification_Portfolio_Housmata.pdf"
7fa5db43-3019-41d9-806e-f08fadf63f76,"https://res.cloudinary.com/tlkzbeei/raw/upload/v1787745191/housmata/submissions/3f26c3f7-6f83-4628-bbc9-a343ed530a0b/9d687966-Property_Document_Lifecycle.pdf","https://res.cloudinary.com/tlkzbeei/image/upload/v1787747447/housmata/submissions/3f26c3f7-6f83-4628-bbc9-a343ed530a0b/496dccd2-Property_Document_Lifecycle.pdf"
1dc41b67-1f8c-4625-aaae-3b8c5bc87941,"https://res.cloudinary.com/tlkzbeei/raw/upload/v1787745192/housmata/submissions/8ee7f3bf-d66c-40ff-bb79-a794d082c457/3e992b1b-Document_Inspection_Review.pdf","https://res.cloudinary.com/tlkzbeei/image/upload/v1787747449/housmata/submissions/8ee7f3bf-d66c-40ff-bb79-a794d082c457/85e19933-Document_Inspection_Review.pdf"
96fbddb0-38a5-497c-a1fd-8cb1ea0e92ec,"https://res.cloudinary.com/tlkzbeei/raw/upload/v1787745193/housmata/submissions/844e8fe9-ce6e-4773-88ca-0a036ad20f29/0c3284df-Sample_Property_Inspection_Report.pdf","https://res.cloudinary.com/tlkzbeei/image/upload/v1787747451/housmata/submissions/844e8fe9-ce6e-4773-88ca-0a036ad20f29/0b893d55-Sample_Property_Inspection_Report.pdf"
c846f2aa-54ae-4e87-9312-54df175b8e9a,"https://res.cloudinary.com/tlkzbeei/raw/upload/v1787745195/housmata/submissions/7c2d897a-cc45-4aaf-82ed-dbb7ee5cec46/d4c65f4c-Mock_Real_Estate_Portfolio.pdf","https://res.cloudinary.com/tlkzbeei/image/upload/v1787747453/housmata/submissions/7c2d897a-cc45-4aaf-82ed-dbb7ee5cec46/17f0593d-Mock_Real_Estate_Portfolio.pdf"
ea2d4273-8f0f-49f3-878e-d3198fc669c9,"https://res.cloudinary.com/tlkzbeei/raw/upload/v1787745197/housmata/submissions/023f4b49-b61b-408a-851d-6ca92bf6450b/0a2be786-New_Property_Portfolio_Canva_Ready.pdf","https://res.cloudinary.com/tlkzbeei/image/upload/v1787747455/housmata/submissions/023f4b49-b61b-408a-851d-6ca92bf6450b/3227dcef-New_Property_Portfolio_Canva_Ready.pdf"
91c22cca-0ad7-40b2-9e2b-7ec7d25a12b7,"https://res.cloudinary.com/tlkzbeei/raw/upload/v1787745198/housmata/submissions/490db3ac-b656-48e7-9b64-abd9bb6817b9/c61adc2b-Assessment_2_Housmata.pdf","https://res.cloudinary.com/tlkzbeei/image/upload/v1787747458/housmata/submissions/490db3ac-b656-48e7-9b64-abd9bb6817b9/306a47b8-Assessment_2_Housmata.pdf"
92d1e132-6a23-4a29-a9f2-5ab6e693df14,"https://res.cloudinary.com/tlkzbeei/raw/upload/v1787745205/housmata/submissions/8ee7f3bf-d66c-40ff-bb79-a794d082c457/3af79082-Sales_Presentation_Simulation_Housmata.pdf","https://res.cloudinary.com/tlkzbeei/image/upload/v1787747460/housmata/submissions/8ee7f3bf-d66c-40ff-bb79-a794d082c457/46697bb7-Sales_Presentation_Simulation_Housmata.pdf"
ea4fbc1f-0e7b-46a9-bf66-e561bd610d7c,"https://res.cloudinary.com/tlkzbeei/raw/upload/v1787745207/housmata/submissions/6ec51df5-7f4a-493a-801a-72f089d314d7/ba10f2a7-due_diligence_report_.pdf","https://res.cloudinary.com/tlkzbeei/image/upload/v1787747463/housmata/submissions/6ec51df5-7f4a-493a-801a-72f089d314d7/1401f209-due_diligence_report_.pdf"
35622599-51f0-490f-9bf9-c497b534c182,"https://res.cloudinary.com/tlkzbeei/raw/upload/v1787745208/housmata/submissions/18567dd5-ef4b-4c75-a3f2-2d5c1b381524/f16072c2-Housmata_Ethical_Resolution_Plan.pdf","https://res.cloudinary.com/tlkzbeei/image/upload/v1787747465/housmata/submissions/18567dd5-ef4b-4c75-a3f2-2d5c1b381524/c20b15f4-Housmata_Ethical_Resolution_Plan.pdf"
4fb3a751-9649-4163-a535-dbbf043f29ca,"https://res.cloudinary.com/tlkzbeei/raw/upload/v1787745210/housmata/submissions/490db3ac-b656-48e7-9b64-abd9bb6817b9/f98f71c4-Assessment_2_Housmata.pdf","https://res.cloudinary.com/tlkzbeei/image/upload/v1787747467/housmata/submissions/490db3ac-b656-48e7-9b64-abd9bb6817b9/bb4cf4fb-Assessment_2_Housmata.pdf"
2bfaaa8f-ad5f-405c-bb8f-1bf0d3050eaf,"https://res.cloudinary.com/tlkzbeei/raw/upload/v1787745212/housmata/submissions/fafffb16-7be7-4d2d-b3b6-4ffbbce71909/0c6b08f4-D._M_Ijitona_Financial_Flow_Case_Study.pdf","https://res.cloudinary.com/tlkzbeei/image/upload/v1787747470/housmata/submissions/fafffb16-7be7-4d2d-b3b6-4ffbbce71909/ef4610f5-D._M_Ijitona_Financial_Flow_Case_Study.pdf"
23fda11f-635d-4bca-a4a8-9e985960e4cc,"https://res.cloudinary.com/tlkzbeei/raw/upload/v1787745213/housmata/submissions/18567dd5-ef4b-4c75-a3f2-2d5c1b381524/bbbb964b-Housmata_Tenant_Onboarding_Presentation.pdf","https://res.cloudinary.com/tlkzbeei/image/upload/v1787747472/housmata/submissions/18567dd5-ef4b-4c75-a3f2-2d5c1b381524/5aa25535-Housmata_Tenant_Onboarding_Presentation.pdf"
d3783600-87bc-48c9-a50f-b2d61765e00a,"https://res.cloudinary.com/tlkzbeei/raw/upload/v1787745217/housmata/submissions/0c0daf50-c95c-4c15-a954-4e91e895e133/05c3aaba-Property_Document_Lifecycle.pdf","https://res.cloudinary.com/tlkzbeei/image/upload/v1787747474/housmata/submissions/0c0daf50-c95c-4c15-a954-4e91e895e133/54324318-Property_Document_Lifecycle.pdf"
9ab66200-316a-4cd9-8ccf-86205e709b4e,"https://res.cloudinary.com/tlkzbeei/raw/upload/v1787745218/housmata/submissions/521f77c3-8a0f-4192-9368-deee90a45c4f/9e87290d-Kolawole_Juliet_Assignment.pdf","https://res.cloudinary.com/tlkzbeei/image/upload/v1787747476/housmata/submissions/521f77c3-8a0f-4192-9368-deee90a45c4f/9eb222fd-Kolawole_Juliet_Assignment.pdf"
b48dd03e-13a3-4e55-afea-d69e3b1c3dd2,"https://res.cloudinary.com/tlkzbeei/raw/upload/v1787745219/housmata/submissions/204ecd57-a015-410c-9cf0-c5283b96d46f/70c1506f-Housmata_Ethics_Transparency_Case_Study.pdf","https://res.cloudinary.com/tlkzbeei/image/upload/v1787747477/housmata/submissions/204ecd57-a015-410c-9cf0-c5283b96d46f/9dc3e816-Housmata_Ethics_Transparency_Case_Study.pdf"
d58dcb95-4ca3-4e39-8ee0-0a85d724f506,"https://res.cloudinary.com/tlkzbeei/raw/upload/v1787745221/housmata/submissions/204ecd57-a015-410c-9cf0-c5283b96d46f/ff6ca978-Tenant_Onboarding_Assessment_2.pdf","https://res.cloudinary.com/tlkzbeei/image/upload/v1787747479/housmata/submissions/204ecd57-a015-410c-9cf0-c5283b96d46f/ab4758b5-Tenant_Onboarding_Assessment_2.pdf"
ef8035a1-8b8c-4ef8-87a0-52090b16d7c2,"https://res.cloudinary.com/tlkzbeei/raw/upload/v1787745222/housmata/submissions/6ec51df5-7f4a-493a-801a-72f089d314d7/1002343c-social_media_marketing_.pdf","https://res.cloudinary.com/tlkzbeei/image/upload/v1787747481/housmata/submissions/6ec51df5-7f4a-493a-801a-72f089d314d7/11b28927-social_media_marketing_.pdf"
b42af366-1bf1-4ad5-b4bb-39c489b197d0,"https://res.cloudinary.com/tlkzbeei/raw/upload/v1787745223/housmata/submissions/204ecd57-a015-410c-9cf0-c5283b96d46f/fca272fb-Content_Creation_Portfolio_Slides.pdf","https://res.cloudinary.com/tlkzbeei/image/upload/v1787747483/housmata/submissions/204ecd57-a015-410c-9cf0-c5283b96d46f/56b3dc3e-Content_Creation_Portfolio_Slides.pdf"
